incident_id,date,reports,Alleged deployer of AI system,Alleged developer of AI system,Alleged harmed or nearly harmed parties,description,title
2,05/12/2018,"[139,141,142,143,144,145,146,148,149,150,151,152,153,154,155,156,157]","[""amazon""]","[""amazon""]","[""warehouse-workers""]",Twenty-four Amazon workers in New Jersey were hospitalized after a robot punctured a can of bear repellent spray in a warehouse.,Warehouse robot ruptures can of bear spray and injures workers
9,25/02/2012,"[1329,1330,1331,1332,1333,1334,1335]","[""new-york-city-dept.-of-education""]","[""new-york-city-dept.-of-education""]","[""teachers""]",An algorithm used to rate the effectiveness of school teachers in New York has resulted in thousands of disputes of its results.,NY City School Teacher Evaluation Algorithm Contested
10,14/08/2014,"[16,17,18,19,20,21,22,23,24,25]","[""starbucks""]","[""kronos""]","[""starbucks-employees""]","Kronos's scheduling algorithm and its use by Starbucks managers allegedly negatively impacted financial and scheduling stability for Starbucks employees, which disadvantaged wage workers.",Kronos Scheduling Algorithm Allegedly Caused Financial Issues for Starbucks Employees
11,23/05/2016,"[29,30,31,32,33,35,36,37,38,39,40,41,1371,1372,1373]","[""northpointe""]","[""northpointe""]","[""accused-people""]",An algorithm developed by Northpointe and used in the penal system is two times more likely to incorrectly label a black person as a high-risk re-offender and is two times more likely to incorrectly label a white person as low-risk for reoffense according to a ProPublica review.,Northpointe Risk Models
27,26/09/1983,"[342,343,344,345,346,347,349,350,351,352,353,354,355,356,357,358,359,360,361,363,364,365,366,367,368,370,371]","[""soviet-union""]","[""soviet-union""]","[""all-life-on-earth""]",An alert of five incoming intercontinental ballistic missiles was properly identified as a false-positive by the Soviet Union operator Stanislov Petrov.,Nuclear False Alarm
28,08/05/2010,"[390,391,392,393,394,395,396,397,398,399,400,401,402,403,404,405,406,407,408,409,410,411,412,413,414,415,416,417,418,419]","[""navinder-sarao"",""waddell-and-reed"",""barclays-capital""]","[""navinder-sarao"",""waddell-and-reed"",""barclays-capital""]","[""market-participants""]",A modified algorithm was able to cause dramatic price volatility and disrupted trading in the US stock exchange.,2010 Market Flash Crash
30,08/10/2016,"[424,425,426,428,430,431,432,433,434,435,436,437,438,439,440,441,442,443,444,445,446,447,448,449,450,451,452,453]","[""tesla""]","[""tesla""]","[""tesla""]","The goal of manufacturing 2,500 Tesla Model 3's per week was falling short by 500 cars/week, and employees had to be ""borrowed"" from Panasonic in a shared factory to help hand-assemble lithium batteries for Tesla.",Poor Performance of Tesla Factory Robots
35,18/10/2014,"[539,540,541,543,544,545,547,548,549,550,551,555,558,562,563,564,565,566,567,568]","[""unknown""]","[""unknown""]","[""ibrahim-diallo""]","An employee was laid off, allegedly by an artificially intelligent personnel system, and blocked from access to the building and computer systems without their knowledge.",Employee Automatically Terminated by Computer Program
37,10/08/2016,"[599,600,601,602,603,604,605,606,607,608,609,610,611,612,613,614,615,616,617,618,619,620,621,622,623,624,625,626,627,628,1498,2253,2461,6123]","[""amazon""]","[""amazon""]","[""amazon-applicants"",""women-applying-to-amazon""]","Between 2014 and 2017, Amazon reportedly developed an AI-powered recruiting tool to score job applicants, trained on a decade of resumes purportedly drawn largely from men. Media reports say the system learned to favor male candidates, penalizing terms like ""women's"" and graduates from certain all-women's colleges. Efforts to remove these biases reportedly did not guarantee fairness, and the project was ultimately abandoned. Amazon reportedly states recruiters never solely relied on the tool.",Amazon's Experimental Hiring Tool Allegedly Displayed Gender Bias in Candidate Rankings
40,23/05/2016,"[697,699,700,701,702,703,704,705,706,707,708,709,711,715,716,717,718,1338,1357,1358,1359]","[""equivant""]","[""equivant""]","[""accused-people""]","Correctional Offender Management Profiling for Alternative Sanctions (COMPAS), a recidivism risk-assessment algorithmic tool used in the judicial system to assess likelihood of defendants' recidivism, is found to be less accurate than random untrained human evaluators.",COMPAS Algorithm Performs Poorly in Crime Recidivism Prediction
48,07/12/2016,"[838,839,840,842,843,844,845,846,847,848,849,850,851,853,855,857,858,859,860,862,863]","[""new-zealand""]","[""new-zealand""]","[""asian-people""]",New Zealand passport robot reader rejects the application of an applicant with Asian descent and says his eyes are closed.,Passport checker Detects Asian man's Eyes as Closed
51,12/07/2016,"[931,932,933,934,935,936,938,939,940,942,943,944,945,946,948,949,950,951,952,953,954,955,956,957,958,959,1765]","[""stanford-shopping-center""]","[""knightscope""]","[""child""]","On July 7, 2016, a Knightscope K5 autonomous security robot collided with a 16-month old boy while patrolling the Stanford Shopping Center in Palo Alto, CA.",Security Robot Rolls Over Child in Mall
54,18/11/2015,"[1007,1008,1009,1010,1014,1015,1017,1019,1347,1349,1524,1525,1526,1013,1011,1018,1012]","[""predpol"",""oakland-police-department""]","[""predpol""]","[""oakland-residents""]",Predictive policing algorithms meant to aid law enforcement by predicting future crime show signs of biased output.,Predictive Policing Biases of PredPol
57,01/07/2015,"[1048,1049,1050,1051,1052,1054,1055,1056,1058,1059,1060,1061,1062,1063,1064,1065,1066,1067,1068,1069,1070,1071,1072,1073,1074,1075,1076,1077,1346,1437,1618,1619,2369,2372,2373,2374,2375,2419,3167]","[""australian-department-of-human-services""]","[""centrelink""]","[""australian-welfare-recipients""]","Australian Department of Human Services (DHS)'s automated debt assessment system issued false or incorrect debt notices to hundreds of thousands of people, resulting in years-long lawsuits and damages to welfare recipients.",Australian Automated Debt Assessment System Issued False Notices to Thousands
64,22/01/2018,[1137],"[""heriot-watt-university"",""margiotta""]","[""heriot-watt-university""]","[""store-patrons""]","Heriot-Watt Univeristy in Scotland developed an artificially intelligent grocery store robot, Fabio, who provided unhelpful answers to customer's questions and ""scared away"" multiple customers, according to the grocery store Margiotta.",Customer Service Robot Scares Away Customers
74,30/01/2020,"[1336,1400,1467,1484,1543,1837,2027,2028,2029,2734,3964]","[""detroit-police-department""]","[""dataworks-plus""]","[""robert-julian-borchak-williams"",""black-people-in-detroit""]",A Black man was wrongfully detained by the Detroit Police Department as a result of a false facial recognition (FRT) result.,Detroit Police Wrongfully Arrested Black Man Due To Faulty FRT
76,09/10/2020,[1339],"[""buenos-aires-city-government""]","[""unknown""]","[""buenos-aires-children""]",Buenos Aires city government uses a facial recognition system that has led to numerous false arrests.,Live facial recognition is tracking kids suspected of being criminals
77,04/10/2019,"[1340,1390,1878,2201,2202]","[""knightscope""]","[""knightscope""]","[""cogo-guebara"",""unnamed-woman-injured-in-the-fight""]","A Knightscope K5 autonomous ""police"" robot patrolling Huntington Park, California failed to respond to an onlooker who attempted to activate its emergency alert button when a nearby fight broke out.",Knightscope's Park Patrol Robot Ignored Bystander Pressing Emergency Button to Alert Police about Fight
78,06/07/2020,[1341],"[""international-baccalaurette""]","[""international-baccalaurette""]","[""international-baccalaureate-students""]","In response to the Covid-19 pandemic, the International Baccalaureate final exams were replaced by a calculated score, prompting complaints of unfairness from teachers and students.",Meet the Secret Algorithm That's Keeping Students Out of College
86,08/10/2020,"[1386,2038]","[""irish-department-of-education-and-skills""]","[""irish-department-of-education-and-skills""]","[""leaving-certificate-exam-takers"",""irish-department-of-education-and-skills""]",Errors in Irish Department of Education's algorithm to calculate students' Leaving Certificate exam grades resulted in thousands of inaccurate scores.,Coding Errors in Leaving Certificate Grading Algorithm Caused Inaccurate Scores in Ireland
91,18/12/2020,"[1391,1392,1463,1720,1779]","[""stanford-medical-center""]","[""stanford-medical-center""]","[""stanford-medical-frontline-workers"",""stanford-medical-residents""]","In 2020, Stanford Medical Center's distribution algorithm only designated 7 of 5,000 vaccines to Medical Residents, who are frontline workers regularly exposed to COVID-19.",Frontline workers protest at Stanford after hospital distributed vaccine to administrators
94,27/11/2020,"[1395,1473]","[""deliveroo""]","[""deliveroo""]","[""deliveroo-workers-with-legitimate-reasons-for-cancelling-shifts"",""deliveroo-workers""]","In December 2020, an Italian court ruled that Deliveroo's employee 'reliability' algorithm illegally discriminated against workers with legitimate reasons for cancelling shifts.",Court Rules Deliveroo Used 'Discriminatory' Algorithm
95,06/11/2019,"[2133,2132,1397,2194]","[""hirevue""]","[""hirevue""]","[""job-applicants-using-hirevue"",""hirevue-customers""]","In January 2021, HireVue removed the controversial AI expression tracking tool from its virtual job interview software.",Job Screening Service Halts Facial Analysis of Applicants
96,08/05/2017,[1398],"[""houston-independent-school-district""]","[""sas-institute""]","[""houston-independent-school-district-teachers""]","On May 4, 2017, a U.S. federal judge advanced teachers' claims that the Houston Independent School District's algorithmic teacher evaluations violated their due process rights to their jobs by not allowing them to review the grounds of their termination.",Houston Schools Must Face Teacher Evaluation Lawsuit
99,01/01/2012,[1402],"[""university-of-massachusetts-amherst"",""university-of-wisconsin-milwaukee"",""university-of-houston"",""texas-aandm-university"",""georgia-state-university"",""more-than-500-colleges""]","[""eab""]","[""black-college-students"",""latinx-college-students"",""indigenous-students""]",Several major universities are using a tool that uses race as one factor to predict student success.,Major Universities Are Using Race as a '“High Impact Predictor' of Student Success
100,17/03/2021,[1403],"[""french-welfare-offices""]","[""unknown""]","[""lucie-inland""]",A French welfare office using software to automatically evaluate cases incorrectly notified a woman receiving benefits that she owed '542.,How French welfare services are creating 'robo-debt'
101,01/09/2018,"[1404,1575,1863,2570,2805,2845]","[""dutch-tax-authority""]","[""unknown""]","[""dutch-tax-authority"",""dutch-families""]","A childcare benefits system in the Netherlands falsely accused thousands of families of fraud, in part due to an algorithm that treated having a second nationality as a risk factor.",Dutch Families Wrongfully Accused of Tax Fraud Due to Discriminatory Algorithm
104,12/02/2021,[1407],"[""california-department-of-public-health""]","[""blue-shield-of-california""]","[""california-low-income-neighborhoods"",""california-communities-of-color""]","California's vaccine-distribution algorithm used ZIP codes as opposed to census tracts in its decision-making, which critics said undermined equity and access for vulnerable communities who are largely low-income, underserved neighborhoods with low Healthy Places Index scores.","California's Algorithm Considered ZIP Codes in Vaccine Distribution, Allegedly Excluding Low-Income Neighborhoods and Communities of Color"
110,01/01/2016,"[1413,2651]","[""arkansas-department-of-human-services""]","[""interrai""]","[""arkansas-medicaid-waiver-program-beneficiaries"",""arkansas-healthcare-workers""]","Beneficiaries of the Arkansas Department of Human Services (DHS)'s Medicaid waiver program were allocated excessively fewer hours of caretaker visit via an algorithm deployed to boost efficiency, which reportedly contained errors and whose outputs varied wildly despite small input changes.",Arkansas's Opaque Algorithm to Allocate Health Care Excessively Cut Down Hours for Beneficiaries
111,25/09/2015,"[1426,1427,1428,1429,1430]","[""amazon-flex""]","[""amazon""]","[""amazon-flex-employees"",""amazon-flex-drivers""]",Amazon Flex's contract delivery drivers were dismissed using a minimally human-interfered automated employee performance evaluation based on indicators impacted by out-of-driver's-control factors and without having a chance to defend against or appeal the decision.,Amazon Flex Drivers Allegedly Fired via Automated Employee Evaluations
112,09/10/2012,"[2831,2623,2496,2495,2250,1821,1810,1436,1435,1434,1433,1432,3654,4057,4058]","[""troy-police-department"",""syracuse-police-department"",""san-francisco-police-department"",""san-antonio-police-department"",""new-york-city-police-department"",""fall-river-police-department"",""chicago-police-department""]","[""shotspotter""]","[""troy-residents"",""troy-police-department"",""syracuse-residents"",""syracuse-police-department"",""san-francisco-residents"",""san-francisco-police-department"",""san-antonio-residents"",""san-antonio-police-department"",""new-york-city-residents"",""new-york-city-police-department"",""fall-river-residents"",""fall-river-police-department"",""chicago-residents"",""chicago-police-department""]","ShotSpotter algorithmic systems locating gunshots were reported by police departments for containing high false positive rates and wasting police resources, prompting discontinuation.",Police Departments Reported ShotSpotter as Unreliable and Wasteful
116,20/09/2021,"[1441,1803]","[""amazon""]","[""netradyne""]","[""amazon-delivery-drivers"",""amazon-workers""]","Amazon's automated performance evaluation system involving AI-powered cameras incorrectly punished delivery drivers for non-existent mistakes, impacting their chances for bonuses and rewards.",Amazon's AI Cameras Incorrectly Penalized Delivery Drivers for Mistakes They Did Not Make
119,03/08/2021,"[1444,1800,1801,1802]","[""xsolla""]","[""unknown""]","[""xsolla-employees""]","Xsolla CEO fired more than a hundred employees from his company in Perm, Russia, based on big data analysis of their remote digitized-work activity, which critics said was violating employee's privacy, outdated, and extremely ineffective.",Xsolla Employees Fired by CEO Allegedly via Big Data Analytics of Work Activities
123,01/08/2021,"[1449,2651,2705,3013,3012]","[""university-of-michigan-hospital""]","[""epic-systems""]","[""sepsis-patients""]","Epic System's sepsis prediction algorithms was shown by investigators at the University of Michigan Hospital to have high rates of false positives and false negatives, allegedly delivering inaccurate and irrelevant information on patients, contrasting sharply with their published claims.",Epic Systems's Sepsis Prediction Algorithms Revealed to Have High Error Rates on Seriously Ill Patients
124,24/10/2019,"[1450,1522,2262,2652,2651,2704,2856]","[""unnamed-large-academic-hospital""]","[""optum""]","[""black-patients""]","Researchers analyzing an Optum algorithm used by a large academic hospital reportedly found evidence that it tended to under-predict the health care needs of Black patients, which in turn appeared to result in lower prioritization for extra care programs compared with white patients exhibiting similar health profiles.",Optum Algorithmic Health Risk Scores Reportedly Underestimated Black Patients' Needs
125,29/09/2020,"[1451,1452,1460]","[""amazon""]","[""amazon""]","[""amazon-fulfillment-center-workers""]",Amazon's robotic fulfillment centers have higher serious injury rates.,Amazon's Robotic Fulfillment Centers Have Higher Serious Injury Rates
126,16/07/2021,"[1453,1454,1455,1532]","[""ocado""]","[""ocado""]","[""ocado""]","A collision involving three robots at an Ocado's warehouse in Erith, UK, resulting in a fire but no reports of injuries.","Three Robots Collided, Sparking Fire in a Grocer's Warehouse in UK "
127,06/06/2020,"[1456,1457,1458,1461,1486,1487,1488,1489,1490,1491,1492,1493]","[""microsoft"",""msn.com""]","[""microsoft""]","[""jade-thirlwall"",""leigh-anne-pinnock""]","A news story published on MSN.com featured a photo of the wrong mixed-race person that was allegedly selected by an algorithm, following Microsoft's layoff and replacement of journalists and editorial workers at its organizations with AI systems.",Microsoft's Algorithm Allegedly Selected Photo of the Wrong Mixed-Race Person Featured in a News Story
131,04/12/2020,"[1465,1771]","[""california-bar's-committee-of-bar-examiners""]","[""examsoft""]","[""california-bar-exam-takers"",""flagged-california-bar-exam-takers""]","The proctoring algorithm used in a California bar exam cited a third of thousands of applicants as cheaters, resulting in allegations where exam takers were instructed to prove otherwise without seeing their incriminating video evidence.",Proctoring Algorithm in Online California Bar Exam Flagged an Unusually High Number of Alleged Cheaters
134,25/12/2020,"[1469,1951]","[""fuzhou-zhongfang-marlboro-mall""]","[""unknown""]","[""fuzhou-zhongfang-marlboro-mall-goers""]","A shopping guide robot deployed by the Fuzhou Zhongfang Marlboro Mall was shown on video allegedly walking to the escalator by itself, falling down, and knocking over passengers, which prompted its suspension.","Robot in Chinese Shopping Mall Fell off the Escalator, Knocking down Passengers"
135,01/12/2012,"[1470,1871]","[""university-of-texas-at-austin's-department-of-computer-science""]","[""university-of-texas-at-austin-researchers""]","[""university-of-texas-at-austin-phd-applicants-of-marginalized-groups""]","The University of Texas at Austin's Department of Computer Science's assistive algorithm to assess PhD applicants ""GRADE"" raised concerns among faculty about worsening historical inequalities for marginalized candidates, prompting its suspension.",UT Austin GRADE Algorithm Allegedly Reinforced Historical Inequalities
137,11/01/2021,[1474],"[""israeli-tax-authority""]","[""israeli-tax-authority""]","[""moshe-har-shemesh"",""israeli-people-having-tax-fines""]","An Israeli farmer was imposed a computer generated fine by the tax authority, who allegedly were not able to explain its calculation, and refused to disclose the program and its source code.","Israeli Tax Authority Employed Opaque Algorithm to Impose Fines, Reportedly Refusing to Provide an Explanation for Amount Calculation to a Farmer"
138,21/01/2020,"[1475,1505,1555,1556,2442,2434]","[""university-of-illinois""]","[""proctorio""]","[""university-of-illinois-students-of-color"",""university-of-illinois-students""]","Proctorio's remote-testing software were reported by students at the University of Illinois Urbana-Champaign for issues regarding privacy, accessibility, differential performance on darker-skinned students.",Alleged Issues with Proctorio's Remote-Testing AI Prompted Suspension by University
140,01/06/2020,[1478],"[""university-of-toronto""]","[""proctoru""]","[""university-of-toronto-bipoc-students""]","An exam monitoring service used by the University of Toronto was alleged by its students to have provided discriminatory check-in experiences via its facial recognition's failure to verify passport photo, disproportionately enhancing disadvantaging stress level for BIPOC students.",ProctorU's Identity Verification and Exam Monitoring Systems Provided Allegedly Discriminatory Experiences for BIPOC Students
149,02/11/2021,"[1500,1501,1890,2925]","[""zillow""]","[""zillow-offers""]","[""zillow-offers-staff"",""zillow""]","Zillow's AI-powered predictive pricing tool Zestimate was allegedly not able to accurately forecast housing prices three to six months in advance due to rapid market changes, prompting division shutdown and layoff of a few thousand employees.",Zillow Shut Down Zillow Offers Division Allegedly Due to Predictive Pricing Tool's Insufficient Accuracy
152,13/07/2021,"[1509,1510]","[""softbank""]","[""aldebaran"",""softbank-robotics""]","[""softbank""]","SoftBank's robot allegedly kept making mechanical errors, taking unplanned breaks, failing to recognize previously-met people, and breaking down during practice runs.","SoftBank's Humanoid Robot, Pepper, Reportedly Frequently Made Errors, Prompting Dismissal"
154,26/01/2022,[1512],"[""us-department-of-justice""]","[""us-department-of-justice""]","[""inmates-of-color""]","Department of Justice's inmate-recidivism risk assessment tool was reported to have produced racially uneven results, misclassifying risk levels for inmates of color.",Justice Department's Recidivism Risk Algorithm PATTERN Allegedly Caused Persistent Disparities Along Racial Lines
157,15/03/2021,[1516],"[""amazon""]","[""amazon""]","[""amazon-workers"",""amazon-delivery-drivers""]","A lawsuit cited Amazon as liable in a crash involving its delivery driver, alleging that Amazon's AI-powered driver monitoring system pushed drivers to prioritize speed over safety.","Amazon's Monitoring System Allegedly Pushed Delivery Drivers to Prioritize Speed over Safety, Leading to Crash"
162,01/01/2014,[1531],"[""ets""]","[""ets""]","[""uk-ets-past-test-takers"",""uk-ets-test-takers"",""uk-home-office""]"," International testing organization ETS admits voice recognition as evidence of cheating for thousands of previous TOEIC test-takers that reportedly included wrongfully accused people, causing them to be deported without an appeal process or seeing their incriminating evidence.","ETS Used Allegedly Flawed Voice Recognition Evidence to Accuse and Assess Scale of Cheating, Causing Thousands to be Deported from the UK"
171,18/10/2021,[1549],"[""bath-government""]","[""unknown""]","[""paula-knight"",""bath-officials"",""uk-public""]",A Bath resident was wrongly fined by the local officials because an automated license plate recognition camera misread the text on her shirt as a license plate number.,"Traffic Camera Misread Text on Pedestrian's Shirt as License Plate, Causing UK Officials to Issue Fine to an Unrelated Person"
172,01/07/2020,"[1550,3859,3912]","[""appriss"",""narxcare"",""avertd""]","[""appriss""]","[""american-physicians"",""american-pharmacists"",""american-patients-of-minority-groups"",""american-patients""]","NarxCare's overdose risk algorithm, lacking peer-reviewed validation, uses sensitive data like doctor visits, prescriptions, and possibly genetic information, leading to significant biases against women and Black patients. Factors like sexual abuse and criminal records exacerbate stigmas and disparities, often resulting in unjust denial of necessary pain medication. The newly approved AvertD genetic test shares similar issues, further complicating and potentially harming medical treatment decisions.",NarxCare's Risk Score Model Allegedly Lacked Validation and Trained on Data with High Risk of Bias
173,30/07/2021,[1551],"[""unknown""]","[""unknown""]","[""doctors"",""covid-patients""]","AI tools failed to sufficiently predict COVID patients, some potentially harmful.","AI Tools Failed to Sufficiently Predict COVID Patients, Some Potentially Harmful"
176,02/03/2022,[1557],"[""oregon-state-university""]","[""starship-technologies""]","[""oregon-state-university"",""freight-train-crew""]"," A Starship food delivery robot deployed by Oregon State University reportedly failed to cross the railroad, becoming stranded, and ending up being struck by an oncoming freight train.","Starship's Autonomous Food Delivery Robot Allegedly Stranded at Railroad Crossing in Oregon, Run over by Freight Train"
180,19/02/2020,"[1564,1582,2236]","[""malaysian-judiciary"",""malaysian-courts""]","[""sarawak-information-systems""]","[""malaysian-convicted-people""]","The AI system used by the Malaysian judiciary which explicitly considered age, employment, and socio-economic data provided sentencing to a drug possession case that was alleged by lawyer to be disproportionately high for the crime committed.",Algorithm Used by the Malaysian Judiciary Reportedly Recommended Unusually High Sentencing to a Drug Possession Case
184,12/04/2018,"[1581,1584,1899]","[""companhia-do-metropolitano-de-sao-paulo""]","[""securos""]","[""sao-paulo-metro-users"",""sao-paulo-citizens""]"," A facial recognition program rolled out by Sao Paulo Metro Stations was suspended following a court ruling in response to a lawsuit by civil society organizations, who cited fear of it being integrated with other electronic surveillance entities without consent, and lack of transparency about the biometric data collection process of metro users.",Facial Recognition Program in Sao Paulo Metro Stations Suspended for Illegal and Disproportionate Violation of Citizens' Right to Privacy
186,26/07/2007,"[1590,1591,1592,1593,1788,1933,1934]","[""spanish-ministry-of-interior""]","[""spanish-secretary-of-state-for-security"",""spanish-ministry-of-interior""]","[""spanish-victims-of-gender-violence""]"," In Spain, the algorithm that assesses recidivism risk in gender violence, VioGen, have critically underestimated the level of risk in a series of cases that ended in homicide of women and children since its first deployment.","Algorithm Assessing Risk Faced by Victims of Gender Violence Misclassified Low-Risk Cases, Allegedly Leading to Homicide of Women and Children in Spain"
188,11/04/2018,"[1603,1604,1782,1605]","[""salta-city-government""]","[""microsoft""]","[""salta-teenage-girls"",""salta-girls-of-minority-groups""]","In 2018, during the abortion-decriminalization debate in Argentina, the Salta city government deployed a teenage-pregnancy predictive algorithm built by Microsoft that allegedly lacked a defined purpose, explicitly considered sensitive information such as disability and whether their home had access to hot water.",Argentinian City Government Deployed Teenage-Pregnancy Predictive Algorithm Using Invasive Demographic Data
189,15/10/2019,"[1609,1670,1671,1672,1673,1674]","[""uk-department-of-work-and-pensions""]","[""uipath""]","[""people-with-disabilities""]",People with disabilities were allegedly disproportionately targeted by a benefit fraud detection algorithm which the UK's Department of Work and Pensions was urged to disclose.,Opaque Fraud Detection Algorithm by the UK's Department of Work and Pensions Allegedly Discriminated against People with Disabilities
192,17/03/2022,"[1616,1617]","[""estee-lauder""]","[""hirevue""]","[""pseudonymous-estee-lauder's-former-staff""]",Three make-up artists lost their positions following an algorithmically-assessed video interview by HireVue who reportedly failed to provide adequate explanation of the findings.,Three Make-Up Artists Lost Jobs Following Black-Box Automated Decision by HireVue
193,27/11/2013,[1620],"[""target""]","[""fireeye""]","[""target"",""target-customers""]","Alerts about a Target data breach were ignored by Minneapolis Target's staff reportedly due to them being included with many other potential false alerts, and due to some of the company's network infiltration alerting systems being off to reduce such false alerts, causing private data theft for millions of customers.  ","Excessive Automated Monitoring Alerts Ignored by Staff, Resulting in Private Data Theft of Seventy Million Target Customers"
194,01/02/2018,[1621],"[""unnamed-australian-telecommunications-company""]","[""unknown""]","[""unnamed-australian-telecommunications-company""]","In early 2018, an Australian telecommunications company's incident management AI excessively deployed technicians into the field, and was allegedly unable to be stopped by the automation team.","Australian Telco's Incident Management Bot Excessively Sent Technicians in the Field by Mistake, Allegedly Costing Millions"
195,01/09/2015,"[1622,1623,1624,1625,1626,1627,1628,1629,1630,1631,1632,1843]","[""pasco-sheriff's-office""]","[""unknown""]","[""pasco-residents"",""pasco-black-students"",""pasco-students-with-disabilities""]","The Intelligence-Led Policing model rolled out by the Pasco County Sheriff's Office was allegedly developed based on flawed science and biased data that also contained sensitive information and irrelevant attributes about students, which critics said to be discriminatory.",Predictive Policing Program by Florida Sheriff's Office Allegedly Violated Residents' Rights and Targeted Children of Vulnerable Groups
203,10/02/2022,"[1659,1660,1661]","[""uber""]","[""uber""]","[""uber-drivers""]","Uber launched a new but opaque algorithm to determine drivers' pay in the US which allegedly caused drivers to experience lower fares, confusing fare drops, and a decrease in rides.",Uber Launched Opaque Algorithm That Changes Drivers' Payments in the US
204,11/02/2022,"[1662,1663,1664,1665]","[""zhihu""]","[""sangfor-technologies""]","[""zhihu-employees"",""chinese-tech-workers""]","The firing of an employee at Zhihu, a large Q&A platform in China, was allegedly caused by the use of a behavioral perception algorithm which claimed to predict a worker's resignation risk using their online footprints, such as browsing history and internal communication.",A Chinese Tech Worker at Zhihu Fired Allegedly via a Resignation Risk Prediction Algorithm
207,10/01/2021,"[1679,1680,1681,1682]","[""honolulu-police-department""]","[""boston-dynamics""]","[""honolulu-homeless-people""]",Honolulu Police Department spent federal pandemic relief funds on a robot dog to take body temperatures and patrol a homeless quarantine encampment which local civil rights advocates criticized as dehumanizing.,Hawaii Police Deployed Robot Dog to Patrol a Homeless Encampment
217,16/11/2016,"[1725,1726]","[""evolver""]","[""evolver""]","[""fair-visitors""]","At the 18th China Hi-Tech Fair, a robot suddenly smashed through a glass booth and injured a visitor, after a staff member reportedly mistakenly pressed a button, causing it to reverse and accelerate.","Robot at a Chinese Tech Fair Smashed a Glass Booth, Injuring a Visitor"
225,07/04/2017,"[1739,1740]","[""jupiter-hospital"",""memorial-sloan-kettering""]","[""ibm-watson-health""]","[""oncologists"",""cancer-patients""]",Internal documents from IBM Watson Health showed negative assessments from customers such as Florida's Jupiter Hospital and Memorial Sloan Kettering criticizing its Watson for Oncology product for allegedly unsafe and incorrect cancer treatment recommendations.,IBM Watson for Oncology Criticized by Customers for Allegedly Unsafe and Inaccurate Cancer Treatment Recommendations
235,15/04/2016,[1756],"[""ping-an""]","[""ping-an""]","[""ping-an-customers"",""chinese-minority-groups""]","Customers' untrustworthiness and unprofitability were reportedly determined by Ping An, a large insurance company in China, via facial-recognition measurements of micro-expressions and body-mass indices (BMI), which critics argue was likely to make mistakes, discriminate against certain ethnic groups, and undermine its own industry.","Chinese Insurer Ping An Employed Facial Recognition to Determine Customers' Untrustworthiness, Which Critics Alleged to Likely Make Errors and Discriminate"
238,01/10/2018,[1762],"[""oregon-department-of-human-services""]","[""oregon-department-of-human-services""]","[""children-of-minority-groups"",""families-of-minority-groups""]","Oregon's Department of Human Services (DHS) stopped using its Safety at Screening Tool, that is aimed to predict the risk that children wind up in foster care or be investigated in the future, and opted for a new process allegedly to reduce disparities and improve racially equitable decision-making.",Oregon's Screening Tool for Child Abuse Cases Discontinued Following Concerns of Racial Bias
239,01/09/2009,[1764],"[""intensive-partnerships-for-effective-teaching""]","[""intensive-partnerships-for-effective-teaching""]","[""students"",""low-income-minority-students"",""teachers""]","Gates-Foundation-funded Intensive Partnerships for Effective Teaching Initiative's algorithmic program to assess teacher performance reportedly failed to achieve its goals for student outcomes, particularly for minority students, and was criticized for potentially causing harm against teachers.",Algorithmic Teacher Evaluation Program Failed Student Outcome Goals and Allegedly Caused Harm Against Teachers
240,29/06/2021,"[1767,1768,1769,1770,2230]","[""github"",""programmers""]","[""github""]","[""intellectual-property-rights-holders""]",Users of GitHub Copilot can produce source code subject to license requirements without attributing and licensing the code to the rights holder.,"GitHub Copilot, Copyright Infringement and Open Source Licensing"
242,24/02/2021,[1775],"[""chakan-plant-of-automotive-stampings-and-assemblies""]","[""unknown""]","[""umesh-ramesh-dhake""]",A sensor snag resulted in an automotive parts factory robot falling on a factory worker in India,Manufacturing Robot Failure Caused Factory Worker's Death in India
244,03/08/2020,[1783],"[""aurora-police-department""]","[""unknown""]","[""the-gilliam-family""]","An automated plate reader reportedly matched a license plate information, but of a family's minivan and an alleged motorcycle in Montana that was reportedly stolen earlier in the year, resulting in them and their children being held at gunpoint and detained in handcuffs by multiple Aurora police officers.","Colorado Police's Automated License Plate Reader (ALPR) Matched a Family's Minivan's Plate to That of a Stolen Vehicle Allegedly, Resulting in Detainment at Gunpoint"
245,30/03/2009,[1784],"[""san-francisco-police-department""]","[""unknown""]","[""denise-green""]","In San Francisco, an automated license plate reader (ALPR) camera misread a number as belonging to a stolen vehicle having the wrong make, but its photo was not visually confirmed by the police due to poor quality and allegedly despite multiple chances prior to making a traffic stop, causing an innocent person to be pulled over at gunpoint and restrained in handcuffed.",Unverified Misreading by Automated Plate Reader Led to Traffic Stop and Restraint of an Innocent Person at Gunpoint in California
246,16/04/2014,"[1785,1787]","[""prairie-village-police-department""]","[""unknown""]","[""mark-molner""]","An automated license plate reader (ALPR) camera misread a 7 as a 2 and incorrectly alerted the local police about a stolen Oldsmobile car, which was allegedly not able to be verified by an officer before a traffic stop was effected on a BMW in Kansas City suburb.","Misreading of an Automated License Plate Reader (ALPR) Unverified by Police, Resulting in Traffic Stop in Missouri"
248,23/11/2018,"[1789,1790]","[""contra-costa-county-sheriff""]","[""vigilant-solutions""]","[""brian-hofer""]","A purportedly automated license plate reader allegedly flagged a rental car in California as stolen, although reports indicate it had already been recovered. Police reportedly conducted a high-risk stop and detained the occupants at gunpoint before confirming their innocence. The driver later alleged excessive force and database errors in a federal lawsuit.",Reported Automated License Plate Reader Alert on Previously Stolen Rental Car Leads to Alleged Wrongful Detainment in California
250,01/02/2016,[1793],"[""castricum-municipality""]","[""castricum-municipality""]","[""unnamed-property-owner""]","A home value generated by a black-box algorithm was reportedly defended by the Castricum court, which was criticized by a legal specialist for setting a dangerous precedent for accepting black-box algorithms as long as their results appear reasonable.",Dutch City Court Defended Home Value Generated by Black-Box Algorithm
255,31/05/2020,"[1805,1806,1807,1808,1809,1431,1811,1812,1813]","[""chicago-police-department""]","[""shotspotter""]","[""michael-williams""]","ShotSpotter audios were previously admitted to convict an innocent Black man in a murder case in Chicago, resulted in his nearly-one-year-long arrest before being dismissed by prosecutors as insufficient evidence.",Unreliable ShotSpotter Audio Previously Used to Convict Chicago Man in Murder Case
256,07/11/2021,[1814],"[""chicago-police-department""]","[""shotspotter""]","[""chicago-drivers""]","A car stop resulting in a DUI arrest of its driver was allegedly based solely on a ShotSpotter alert, the reliability of which came into question by public defenders, who subpoenaed the company to assess its gunshot alert system.",DUI Arrest Case Allegedly Based Only on ShotSpotter's Alert
257,04/05/2012,"[1815,1435,1821,2250]","[""kansas-city-police-department"",""cleveland-division-of-police"",""chicago-police-department"",""atlanta-police-department""]","[""shotspotter""]","[""neighborhoods-of-color"",""brown-communities"",""black-communities"",""adam-toledo""]","Police departments disproportionately placed ShotSpotter sensors in black and brown neighborhoods, which is denounced by communities for allegedly creating dangerous situations, such as one involving in Adam Toledo's death.",Police Reportedly Deployed ShotSpotter Sensors Disproportionately in Neighborhoods of Color
258,13/05/2022,"[1819,1820]","[""the-good-guys"",""kmart"",""bunnings""]","[""unknown""]","[""the-good-guys-customers"",""kmart-customers"",""bunnings-customers""]","Major Australian retailers reportedly analyzed in-store footage to capture facial features of their customers without consent, which was criticized by consumer groups as creepy and invasive.",Australian Retailers Reportedly Captured Face Prints of Their Customers without Consent
260,26/08/2014,"[1823,1831]","[""us-department-of-homeland-security"",""us-citizenship-and-immigration-services""]","[""us-citizenship-and-immigration-services""]","[""us-naturalized-citizens"",""us-immigrants"",""us-citizenship-applicants"",""us-immigration-applicants""]","US Citizenship and Immigration Services (USCIS)'s ATLAS software used in vetting immigration requests was condemned by advocacy groups as a threat to naturalized citizens for its secretive algorithmic decision-making, reliance on poor quality data and unknown sources, and alleged discrimination of immigrants using biometric and sensitive information.",US DHS's Opaque Vetting Software Allegedly Relied on Poor-Quality Data and Discriminated against Immigrants
261,15/11/2017,"[1824,1825,1826,1827,1828,1829,1830,1832]","[""society-for-the-prevention-of-cruelty-to-animals""]","[""knightscope""]","[""san-francisco-homeless-people""]","Society for the Prevention of Cruelty to Animals (SPCA) deployed a Knightscope robot to autonomously patrol the area outside its office and ward off homeless people, which was criticized by residents as a tool of intimidation and ordered by the city of San Francisco to stop its use on a public right-of-way.","Robot Deployed by Animal Shelter to Patrol Sidewalks outside Its Office, Warding off Homeless People in San Francisco"
265,01/04/2021,"[1840,1841]","[""uber-eats""]","[""uber-eats""]","[""pa-edrissa-manjang"",""uber-eats-black-delivery-drivers""]","A lawsuit by a former Uber Eats delivery driver alleged the company to have wrongfully dismissed him due to frequent false mismatches of his verification selfies, and discriminated against him via excessive verification checks.",Black Uber Eats Driver Allegedly Subjected to Excessive Photo Checks and Dismissed via FRT Results
272,08/10/2019,"[1853,1854,1855]","[""grab""]","[""grab""]","[""non-tpi-registered-grab-drivers"",""grab-drivers-in-indonesia"",""grab-drivers""]","Grab Indonesia was fined by the Indonesian Competition Commission (KPPU) for unfairly favoring drivers who rented cars via the Grab-affiliated company Teknologi Pengangkutan Indonesia (TPI), including offering more rides via their matchmaking algorithm.","Grab Tweaked Matchmaking Algorithm, Providing Preferential Treatment to Drivers Registered with Affiliated Car Rental Service"
274,01/07/2003,"[1857,1859]","[""virginia-courts""]","[""virginia-department-of-criminal-justice-services""]","[""virginia-convicted-felons"",""virginia-black-offenders"",""virginia-young-offenders""]","Virginia courts' use of algorithmic predictions of future offending risks were found by researchers failing to reduce incarceration rates, showed racial and age disparities in risk scores and its application, and neither exacerbated or ameliorated historical racial differences in sentencing.",Virginia Courts' Algorithmic Recidivism Risk Assessment Failed to Lower Incarceration Rates
276,01/01/2022,[1864],"[""bucheon-city-government""]","[""unknown""]","[""bucheon-citizens""]","Bucheon government's use of facial recognition in analyzing CCTV footage, despite gaining wide public support, was scrutinized by privacy advocates and some lawmakers for collecting data without consent, and retaining and misusing data beyond pandemic needs.","Local South Korean Government's Use of CCTV Footage Analysis via Facial Recognition to Track COVID Cases Raised Concerns about Privacy, Retention, and Potential Misuse"
287,27/10/2020,[2471],"[""none""]","[""openai"",""nabla""]","[""nabla-customers""]","The French digital care company, Nabla, in researching GPT-3's capabilities for medical documentation, diagnosis support, and treatment recommendation, found its inconsistency and lack of scientific and medical expertise unviable and risky in healthcare applications. This incident has been downgraded to an issue as it does not meet current ingestion criteria.",OpenAI's GPT-3 Reported as Unviable in Medical Tasks by Healthcare Firm
288,30/01/2019,"[1895,1896,2025,2026]","[""woodbridge-police-department""]","[""unknown""]","[""nijeer-parks""]","Woodbridge Police Department falsely arrested an innocent Black man following a misidentification by their facial recognition software, who was jailed for more than a week and paid thousands of dollar for his defense.",New Jersey Police Wrongful Arrested Innocent Black Man via FRT
290,03/06/2022,"[1900,2413,2414]","[""toronto-city-government""]","[""toronto-public-health""]","[""sunnyside-beachgoers"",""marie-curtis-beachgoers"",""toronto-citizens""]","Toronto's use of AI predictive modeling (AIPM) which had replaced existing methodology as the only determiner of beach water quality raised concerns about its accuracy, after allegedly conflicting results were found by a local water advocacy group using traditional means.",False Negatives for Water Quality-Associated Beach Closures
295,08/11/2018,"[1915,1916,1917,2102,2103]","[""new-york-police-department""]","[""unknown""]","[""ousmane-bah"",""nyc-black-people"",""nyc-black-young-people""]","New York Police Department (NYPD)'s facial recognition system falsely connected a Black teenager to a series of thefts at Apple stores, which resulted in his wrongful attempted arrest.",Wrongful Attempted Arrest for Apple Store Thefts Due to NYPD's Facial Misidentification
301,15/02/2022,[1938],"[""broward-college""]","[""honorlock""]","[""unnamed-florida-teenager""]",Broward College's use of remote proctoring system and reliance on its flagging algorithm allegedly led to a wrongful accusation of academic dishonesty in a biology exam of a Florida teenager.,Teenager at Broward College Allegedly Wrongfully Accused of Cheating via Remote Proctoring
309,26/08/2017,"[1954,1956,1960,2030]","[""metropolitan-police-service""]","[""unknown""]","[""notting-hill-carnival-goers""]",The facial recognition trial by London's Metropolitan Police Service at the Notting Hill Carnival reportedly performed poorly with a high rate of false positives.,Facial Recognition Trial Performed Poorly at Notting Hill Carnival
310,03/06/2017,"[1955,1957,1958,1959,2126,2127,2128,2269]","[""south-wales-police""]","[""nec""]","[""finals-attendees"",""falsely-accused-finals-attendees""]",South Wales Police (SWP)'s automated facial recognition (AFR) at the Champion's League Final football game in Cardiff wrongly identified innocent people as potential matches at an extremely high false positive rate of more than 90%.,High False Positive Rate by SWP's Facial Recognition Use at Champion's League Final
312,15/08/2021,"[1963,1964,1965,1966]","[""sanas""]","[""sanas""]","[""call-center-agents-having-non-midwestern-american-accent"",""people-having-non-midwestern-american-accent""]","A startup's use of AI voice technology to alter or remove accents for call center agents was scrutinized by critics as reaffirming bias, despite the company's claim.",Startup's Accent Translation AI Denounced as Reinforcing Racial Bias
335,01/03/2015,"[2047,2090,2091,2092,2122,2123,2124,2125]","[""uk-visas-and-immigration""]","[""uk-visas-and-immigration"",""uk-home-office""]","[""uk-visa-applicants-from-some-countries""]","UK Home Office's algorithm to assess visa application risks explicitly considered nationality, allegedly caused candidates to face more scrutiny and discrimination.",UK Visa Streamline Algorithm Allegedly Discriminated Based on Nationality
336,01/03/2015,"[2048,2119,2120,2121]","[""uk-home-office""]","[""uk-home-office""]","[""uk-immigrant-newlyweds""]","UK Home Office's opaque algorithm to detect sham marriages flagged some nationalities for investigation more than others, raising fears surrounding discrimination based on nationality and age.",UK Home Office's Sham Marriage Detection Algorithm Reportedly Flagged Certain Nationalities Disproportionately
344,01/07/2021,[2057],"[""myinterview"",""curious-thing""]","[""myinterview"",""curious-thing""]","[""job-candidates-using-myinterview"",""job-candidates-using-curious-thing"",""employers-using-myinterview"",""employers-using-curious-thing""]","Two AI interview softwares provided positive but invalid results such as ""competent"" English proficiency and high match percentage for interview responses given in German by reporters.",Hiring Algorithms Provided Invalid Positive Results for Interview Responses in German
345,13/04/2021,[2058],"[""insurance-companies""]","[""ccc-information-services"",""tractable""]","[""vehicle-repair-shops"",""vehicle-owners""]","Auto-insurance companies' photo-based estimation of repair price was alleged by repair shop owners and industry groups as providing inaccurate estimates, causing damaged cars to stay in the shop longer.",Auto-Insurance Photo-Based Estimation Allegedly Gave Inaccurate Repair Prices Frequently
346,15/06/2016,"[2059,2062,2108,2109,2110]","[""henn-na-hotel""]","[""unknown""]","[""henn-na-hotel-guests"",""henn-na-hotal-staff""]",A number of robots employed by a hotel in Japan were reported by guests in a series of complaints for failing to handle tasks such as answering scheduling questions or making passport copies without human intervention.,Robots in Japanese Hotel Annoyed Guests and Failed to Handle Simple Tasks
349,22/03/2022,"[2065,2095,5464]","[""charlotte-mecklenburg-school-district""]","[""evolv-technology""]","[""teachers-at-charlotte-mecklenburg-schools"",""students-at-charlotte-mecklenburg-schools"",""security-officers-at-charlotte-mecklenburg-schools"",""parents-of-students-at-charlotte-mecklenburg-schools"",""school-administrators-at-charlotte-mecklenburg-schools""]","Evolv's AI-powered weapons scanners were advertised as superior to metal detectors but reportedly failed to detect actual weapons while generating excessive false positives. The FTC alleged that misleading claims about the system's accuracy and speed contributed to schools relying on unreliable detection, with at least one incident in October 2022 involving a missed knife that resulted in a student being stabbed.","Evolv AI Weapons Detection System Allegedly Misrepresents Accuracy, Leading to School Security Gaps"
355,07/07/2018,"[2081,2082,2083,2903,2972]","[""uber""]","[""uber""]","[""uber-drivers""]","Uber was alleged in a lawsuit to have wrongfully accused its drivers in the UK and Portugal of fraudulent activity through automated systems, which resulted in their dismissal without a right to appeal.",Uber Allegedly Wrongfully Accused Drivers of Fraud via Automated Systems
364,15/04/2020,[2131],"[""walmart""]","[""everseen""]","[""walmart-employees""]",Walmart's theft-deterring bagging-detection system allegedly exposed workers to health risks during the coronavirus pandemic when its false positives prompted workers to unnecessarily step in to resolve the issue.,Walmart's Bagging-Detection False Positives Exposed Workers to Health Risk
373,01/10/2013,"[2169,2187,2188,2189,2190,2191,2213,2214,2215,2216,2238,2798,4849,4850]","[""michigan-unemployment-insurance-agency""]","[""fast-enterprises"",""csg-government-solutions""]","[""unemployed-michigan-residents-falsely-accused-of-fraud"",""michigan-residents-who-faced-bankruptcy-or-foreclosure-due-to-midas""]","Michigan's MiDAS system falsely accused over 34,000 people of unemployment fraud from 2013 to 2015, which reportedly caused financial ruin for many. The automated system was designed to cut costs, but it adjudicated fraud cases without human oversight. That led to an 85% error rate. Victims faced wage garnishments, some lost homes, and some faced bankruptcy. Despite early warnings, Michigan's UIA defended MiDAS until lawsuits and federal pressure forced reforms. Legislators have been seeking compensation for those wrongfully accused.",Michigan's Unemployment Benefits Algorithm MiDAS Issued False Fraud Claims to Thousands of People
374,13/08/2020,"[2170,2206,2207,2208,2209,2210,2211,2212]","[""uk-office-of-qualifications-and-examinations-regulation""]","[""uk-office-of-qualifications-and-examinations-regulation""]","[""a-level-pupils"",""gcse-pupils"",""pupils-in-state-schools"",""underprivileged-pupils""]","UK Office of Qualifications and Examinations Regulation (Ofqual)'s grade-standardization algorithm providing predicted grades for A level and GCSE qualifications in the UK, Wales, Northern Ireland, and Scotland was reportedly giving grades lower than teachers' assessments, and disproportionately for state schools.",UK Ofqual's Algorithm Disproportionately Provided Lower Grades Than Teachers' Assessments
375,29/09/2019,"[2171,2192,2193]","[""krungthai-bank""]","[""krungthai-bank""]","[""thai-citizens"",""elder-thai-citizens""]","A Thai wallet app failed to recognize people's faces, resulting in citizens and disproportionately elders unable to sign up for Thai government's cash handout and co-pay programs or having to wait in long queues at local ATMs for authentication.",Thai Wallet App's Facial Recognition Errors Created Registration Issues for Government Programs
376,01/09/2016,"[2172,2185,2186,2261,2281,4445,4446,4447,4448,4449,4471,4479,4480,4481]","[""realpage""]","[""thoma-bravo"",""realpage"",""jeffrey-roper""]","[""renters""]","RealPage's YieldStar pricing algorithm is at the center of allegations that it enabled landlords to coordinate rent increases by sharing nonpublic pricing and occupancy data, raising rents artificially and reducing competition. On January 7, 2025, the U.S. Department of Justice filed an antitrust lawsuit against six major landlords, alleging that they used the algorithm and other direct communication methods to stifle competition, harming renters nationwide.",RealPage Algorithm Allegedly Inflates Rents and Reduces Competition in Housing Market
384,03/10/2022,"[2221,2222]","[""glovo""]","[""glovo""]","[""sebastian-galassi"",""sebastian-galassi's-family""]","Delivery company Glovo's automated system sent an email terminating an employee for ""non-compliance terms and conditions"" after the employee was killed in a car accident while making a delivery on Glovo's behalf.",Glovo Driver in Italy Fired via Automated Email after Being Killed in Accident
385,04/10/2022,"[2224,2225,2231,2232,2233,2234]","[""edmonton-police-service""]","[""parabon-nanolabs""]","[""black-residents-in-edmonton""]","The Edmonton Police Service (EPS) in Canada released a facial image of a Black male suspect generated by an algorithm using DNA phenotyping, which was denounced by the local community as racial profiling.",Canadian Police's Release of Suspect's AI-Generated Facial Photo Reportedly Reinforced Racial Profiling
386,03/07/2019,"[2227,2228,2252]","[""amazon""]","[""amazon""]","[""amazon-warehouse-workers""]","Amazon's warehouse worker '“time off task"" (TOT) tracking system was used to discipline and dismiss workers, falsely assuming workers to have wasted time and failing to account for breaks or equipment issues.","Amazon's ""Time Off Task"" System Made False Assumptions about Workers' Time Management"
387,22/12/2014,[2229],"[""oracle""]","[""oracle""]","[""internet-users""]",Oracle's automated system involving algorithmic data processing was alleged in a lawsuit to have been unlawfully collecting personal data from millions of people and violating their privacy rights.,Oracle's Algorithmic Data Processing System Alleged as Unlawful and Violating Privacy Rights
388,01/12/2018,[2235],"[""the-government-in-bahia"",""bahia's-secretary-of-public-security""]","[""huawei""]","[""black-people-in-brazil"",""black-people-in-bahia""]",Facial recognition deployed in a pilot project by the local government of Bahia despite having minimal hit rate reportedly targeted Black and poor people disproportionately.,Facial Recognition Pilot in Bahia Reportedly Targeted Black and Poor People
391,26/07/2022,"[2244,2246]","[""southern-co-op""]","[""hikvision""]","[""souther-co-op-customers""]","Southern Co-op's use of facial recognition reportedly to curb violent crime in UK supermarkets was alleged by civil society and privacy groups as ""unlawful"" and ""complete"" invasion of privacy.",Facial Recognition Trial by UK Southern Co-op Alleged as Unlawful
395,02/03/2021,"[2254,2255,2256,2257]","[""amazon""]","[""netradyne""]","[""amazon-delivery-drivers""]","Amazon delivery drivers were forced to consent to algorithmic collection and processing of their location, movement, and biometric data through AI-powered cameras, or be dismissed.",Amazon Forced Deployment of AI-Powered Cameras on Delivery Drivers
396,04/07/2018,[2263],"[""uber""]","[""uber""]","[""transgender-uber-drivers""]",Transgender Uber drivers reported being automatically deactivated from the app due to Real-Time ID Check failing to account for difference in appearance of people undergoing gender transitions.,Transgender Uber Drivers Mistakenly Kicked off App for Appearance Change during Gender Transitions
404,25/06/2019,"[2284,2286]","[""rock-hill-schools"",""pinecrest-academy-horizon""]","[""sound-intelligence""]","[""students"",""rock-hill-school-students"",""pinecrest-academy-horizon-students""]","Sound Intelligence's ""aggression detection"" algorithm deployed by schools reportedly contained high rates of false positive, misclassifying laughing, coughing, cheering, and loud discussions.",Sound Intelligence's Aggression Detector Misidentified Innocuous Sounds
405,28/11/2018,"[2285,2287]","[""schufa-holding-ag""]","[""schufa-holding-ag""]","[""young-men-having-credit-scores"",""people-scored-on-old-scoring-versions"",""people-changing-addresses-frequently""]","Creditworthiness Schufa scores in Germany reportedly privileged older and female consumers, and people who changed addresses less frequently, and were unreliable depending on scoring version.",Schufa Credit Scoring in Germany Reported for Unreliable and Imbalanced Scores
407,03/02/2016,[2289],"[""uber""]","[""uber""]","[""poor-neighborhoods"",""neighborhoods-of-color""]",Uber's surge-pricing algorithm which adjusts prices to influence car availability inadvertently caused better service offering such as shorter wait times for majority white neighborhoods.,Uber's Surge Pricing Reportedly Offered Disproportionate Service Quality along Racial Lines
410,09/11/2022,[2312],"[""kfc""]","[""kfc""]","[""jewish-people""]",KFC cited an error in an automated holiday detection system which identified the anniversary of Kristallnacht and prompted an insensitive push notification promoting its chicken.,KFC Sent Insensitive Kristallnacht Promotion via Holiday Detection System
418,13/03/2017,"[2324,2391,2392]","[""uber""]","[""uber"",""azure-cognitive-services""]","[""uber-drivers-in-india""]",Uber drivers in India reported being locked out of their accounts allegedly due to Real-Time ID Check's facial recognition failing to recognize appearance changes or faces in low lighting conditions.,Uber Locked Indian Drivers out of Accounts Allegedly Due to Facial Recognition Fails
425,12/06/2021,"[2333,2385]","[""state-farm""]","[""state-farm""]","[""black-state-farm-customers""]",State Farm's automated claims processing method was alleged in a class action lawsuit to have disproportionately against Black policyholders when paying out insurance claims.,State Farm Allegedly Discriminated against Black Customers in Claim Payout
429,01/04/2016,"[2343,1816,2377,2378]","[""rochester-police-department""]","[""shotspotter""]","[""silvon-simmons""]","ShotSpotter's ""unreliable"" audio was used as scientific evidence to accuse and convict a Black man of attempting to shoot Rochester's city police, whose conviction was later reversed by a county judge.",Unreliable ShotSpotter Audio Convicted Black Rochester Man of Shooting Police
430,19/12/2022,"[2346,2355,2359,2360,2361,2362,2363,2364,2365,2366,2367,2368,2504,2556,2557,2589,2600,2665,2728,2775,2797]","[""madison-square-garden-entertainment""]","[""unknown""]","[""kelly-conlon"",""alexis-majano""]",Lawyers were barred from entry to Madison Square Garden after a facial recognition system matched them as employed by a law firm currently engaged in litigation with the venue.,Lawyers Denied Entry to Performance Venue by Facial Recognition
432,21/12/2022,[2357],"[""southwest-airlines""]","[""general-electric""]","[""airline-passengers""]",Southwest Airlines left passengers stranded for days throughout the flight network when Southwest crew scheduling software repeatedly failed to recover from weather-induced flight cancellations.,Southwest Airlines Crew Scheduling Solver Degenerates Flight Network
433,01/08/2012,"[2415,2416,1013,1348,1011,1018,1012,2421,2422]","[""chicago-police-department""]","[""chicago-police-department""]","[""low-income-communities"",""communities-of-color"",""black-chicago-residents""]","Chicago Police Department (CPD)'s Strategic Subject List as output of an algorithm purportedly to identify victims or perpetrators of violence was reportedly ineffective, easily abused, and biased against low-income communities of color.",Chicago Police's Strategic Subject List Reportedly Biased Along Racial Lines
439,31/07/2019,"[2448,2449,2450]","[""detroit-police-department""]","[""dataworks-plus""]","[""michael-oliver"",""black-people-in-detroit""]",A Black man was wrongfully detained by the Detroit Police Department as a result of a false facial recognition (FRT) result.,Detroit Police Wrongfully Arrested Black Man Due To Faulty Facial Recognition
440,25/11/2022,"[2452,2454,2498,2544,2731,2732]","[""baton-rouge-police-department""]","[""morphotrak"",""clearview-ai""]","[""black-people-in-louisiana"",""randall-reid""]",Louisiana police reportedly used a false facial recognition match and secured an arrest warrant for a Black man for thefts he did not commit.,Louisiana Police Wrongfully Arrested Black Man Using False Face Match
441,01/06/2019,"[2464,2465,2466,2467,2468]","[""korean-ministry-of-justice"",""korean-ministry-of-science-and-information-and-communication-technology""]","[""unnamed-korean-companies""]","[""travelers-in-korean-airports""]",Korean government's development of immigration screening system involving real-time facial recognition used airport travelers' data which was supplied by the Ministry of Justice without consent.,Korea Developed ID Screening System Using Airport Travelers' Data without Consent
446,01/01/2023,"[2505,2512,2542,2677,2830]","[""durham-police-department""]","[""shotspotter""]","[""mass-shooting-victims"",""durham-residents"",""durham-police-department""]","ShotSpotter did not detect gunshots and alert Durham police of a drive-by shooting in Durham, North Carolina which left five people in hospital on New Year's Day.",ShotSpotter Failed to Alert Authorities of Mass Shooting in North Carolina
452,11/01/2023,"[2518,2545]","[""openai"",""immunefi-users""]","[""openai""]","[""immunefi""]","ChatGPT-generated responses submitted to smart contract bug bounty platform Immunefi reportedly lacked details to help diagnose technical issues, which reportedly wasted the platform's time, prompting bans to submitters.","ChatGPT-Written Bug Reports Deemed ""Nonsense"" by White Hat Platform, Prompted Bans"
455,11/11/2022,"[2524,2541,2560,2603,2592,2597,2598]","[""cnet""]","[""unknown""]","[""cnet-readers""]","AI-written articles published by CNET reportedly contained factual errors which bypassed human editorial review, prompting the company to issue corrections and updates.",CNET's Published AI-Written Articles Ran into Quality and Accuracy Issues
457,11/11/2022,"[2543,2551,2552,2592,2597,2598]","[""cnet""]","[""unknown""]","[""plagiarized-entities"",""cnet-readers""]","CNET's use of generative AI to write articles allegedly ran into plagiarism issues, reproducing verbatim phrases from other published sources or making minor changes to existing texts such as altering capitalization, swapping out words for synonyms, and changing minor syntax.",Article-Writing AI by CNET Allegedly Committed Plagiarism
461,18/07/2008,"[2564,2565,2566,2567]","[""internal-revenue-service""]","[""internal-revenue-service""]","[""black-taxpayers""]","The IRS was auditing Black taxpayers more frequently than other groups allegedly due to the design of their algorithms, focusing on easier-to-conduct audits which inadvertently correlated with the group's pattern of tax filing errors.",IRS Audited Black Taxpayers More Frequently Reportedly Due to Algorithm
467,07/02/2023,"[2609,2611,2612,2613,2614,2615,2616,2617,2620,2622,2645,2646,2647,2963]","[""google""]","[""google""]","[""google"",""google-shareholders""]","Google's conversational AI ""Bard"" was shown in the company's promotional video providing false information about which satellite first took pictures of a planet outside the Earth's solar system, reportedly causing shares to temporarily plummet.",Google's Bard Shared Factually Inaccurate Info in Promo Video
470,08/02/2023,"[2641,2799]","[""microsoft""]","[""openai"",""microsoft""]","[""openai"",""microsoft""]","Reporters from TechCrunch issued a query to Microsoft Bing's ChatGPT feature, which cited an earlier example of ChatGPT disinformation discussed in a news article to substantiate the disinformation.",Bing Chat Response Cited ChatGPT Disinformation Example
472,08/10/2016,[2655],"[""new-york-police-department""]","[""unknown""]","[""racial-minorities""]",New York Police Department's use of facial recognition deployment of surveillance cameras were shown using crowdsourced volunteer data reinforcing discriminatory policing against minority communities.,NYPD's Deployment of Facial Recognition Cameras Reportedly Reinforced Biased Policing
475,02/06/2021,"[2671,2672,2834,2835,4059,6109]","[""mcdonald's""]","[""ibm""]","[""mcdonald's-customers""]","Between 2021 and mid-2024, McDonald's reportedly piloted an AI-enabled voice ordering system that was developed with IBM and based on its 2019 acquisition of Apprente. It was reportedly deployed at at over 100 U.S. drive-thrus. Social media posts alleged frequent misorders, such as adding unwanted items, mixing adjacent lane orders, and ignoring corrections. In June 2024, McDonald's confirmed it ended the IBM pilot, citing plans to explore alternative voice-AI vendors.",McDonald's Reportedly Ends IBM Partnership After AI Drive-Thru Ordering Errors at U.S. Locations
482,16/02/2023,"[2706,2707,2708,2709,2710,2711,2712,2713,2714,2715,2716,2717,2718,2719,2720,2721,2722,2735,2736,2737]","[""vanderbilt-university""]","[""openai""]","[""vanderbilt-university-students"",""vanderbilt-university""]","Vanderbilt University's Office of Equity, Diversity and Inclusion used ChatGPT to write an email addressing student body about the 2023 Michigan State University shooting, which was condemned as ""impersonal"" and ""lacking empathy"".",ChatGPT-Assisted University Email Addressing Mass Shooting Denounced by Students
483,02/02/2023,[2727],"[""telangana-police"",""medak-police""]","[""unknown""]","[""mohammed-khadeer""]","A resident in Medak, India died allegedly due to custodial torture by the local police, who misidentified him as a suspect in a theft case using facial recognition.",Indian Police Allegedly Tortured and Killed Innocent Man Following Facial Misidentification
484,18/01/2023,"[2729,2730,2803,2817]","[""us-customs-and-border-protection""]","[""us-customs-and-border-protection""]","[""haitian-asylum-seekers"",""african-asylum-seekers"",""black-asylum-seekers""]","CBP One's facial recognition feature was reportedly disproportionately failing to detect faces of Black asylum seekers from Haiti and African countries, effectively blocking their asylum applications.",US CBP App's Failure to Detect Black Faces Reportedly Blocked Asylum Applications
489,03/06/2019,[2777],"[""workday""]","[""workday""]","[""derek-mobley"",""applicants-with-disabilities"",""applicants-over-40"",""african-american-applicants""]","Workday's algorithmic screening systems were alleged in a lawsuit allowing employers to discriminate against African-Americans, people over 40, and people with disabilities.",Workday's AI Tools Allegedly Enabled Employers to Discriminate against Applicants of Protected Groups
490,20/02/2023,"[2778,2836,2837]","[""clarkesworld-story-submitters""]","[""openai""]","[""clarkesworld""]","Sci-fi magazine Clarkesworld temporarily stopped accepting submissions after receiving an overwhelming increase in LLM-generated submissions, citing issues around spam, plagiarism, detection tool unreliability, and authentication.",Clarkesworld Magazine Closed Down Submissions Due to Massive Increase in AI-Generated Stories
501,03/06/2019,[2842],"[""security-health-plan"",""navihealth""]","[""navihealth""]","[""frances-walter"",""elderly-patients""]","An elderly Wisconsin woman was algorithmically determined to have a rapid recovery, an output which the insurer based on to cut off payment for her treatment despite medical notes showing her still experiencing debilitating pain.",Length of Stay False Diagnosis Cut Off Insurer's Payment for Treatment of Elderly Woman
502,10/04/2017,"[2843,2844,2859]","[""allegheny-county""]","[""rhema-vaithianathan"",""emily-putnam-hornstein"",""centre-for-social-data-analytics""]","[""black-families-in-allegheny"",""households-with-disabled-people-in-allegheny"",""hackneys-family""]",Data analysis by the American Civil Liberty Union (ACLU) on Allegheny County's decision-support Family Screening Tool to predict child abuse or neglect risk found the tool resulting in higher screen-in rates for Black families and higher risk scores for households with disabled residents.,Pennsylvania County's Family Screening Tool Allegedly Exhibited Discriminatory Effects
506,29/03/2023,"[2869,2893,4330]","[""openai""]","[""openai""]","[""jonathan-turley""]",A lawyer in California asked the AI chatbot ChatGPT to generate a list of legal scholars who had sexually harassed someone. The chatbot produced a false story of Professor Jonathan Turley sexually harassing a student on a class trip.,ChatGPT Allegedly Produced False Accusation of Sexual Harassment
514,20/01/2023,[2901],"[""turnitin""]","[""turnitin""]","[""lucy-goetz"",""high-school-students""]","Turnitin's tool to detect writing generated by ChatGPT was reported for incorrectly flagging high school students' original essays as AI-generated, accusations of which are argued as reinforcement of bias from teachers due to the inability to compare against source documents.",Turnitin's ChatGPT-Detection Tool Falsely Flagged Student Essays as AI-Generated
515,25/11/2022,"[2905,2916,5342]","[""jefferson-parish-sheriff's-office""]","[""clearview-ai""]","[""randal-quran-reid""]","In November 2022, Randal ""Quran"" Reid was arrested in Georgia based on warrants from Louisiana that reportedly stemmed from a purportedly faulty facial recognition match using Clearview AI. Despite reportedly having never visited Louisiana, Reid was jailed for six days before authorities withdrew the warrants. No corroborating evidence had been gathered, and the technology's use was omitted from legal documents. In May 2025, Jefferson Parish settled with Reid for $200,000 in a federal civil rights lawsuit.",Facial Recognition Error Reportedly Leads to Wrongful Arrest of Georgia Man and $200K Settlement in Louisiana
517,15/02/2018,"[2909,2912]","[""new-york-police-department""]","[""unknown""]","[""unknown""]","A man was arrested for theft of socks from a TJ Maxx store under the guise of an eyewitness ID case, after the local police asked the store's security guard to confirm the facial recognition match produced using surveillance footage, despite him having an alibi at the time of the theft.",Man Arrested For Sock Theft by False Facial Match Despite Alibi
518,28/04/2017,[2911],"[""new-york-police-department"",""facial-identification-section""]","[""unknown""]","[""unknown""]","When the facial recognition search for a CVS theft suspect's face returned no useful matches due to the surveillance footage being obscured and highly pixelated, a New York City police detective continued the face search using Woody Harrelson's face allegedly due to his resemblance to the suspect's face, eventually leading to the arrest of an unknown victim.",New York Detective Misused Woody Harrelson's Face to Perform Face Recognition Search
519,03/04/2022,[2913],"[""starship-technologies""]","[""starship-technologies""]","[""starship-technologies""]","A Starship autonomous delivery robot struggled to navigate campus terrains of UCLA, reportedly getting stuck into a planter and falling off the stairs.",Starship Delivery Robot Ran into Problems Traversing Campus Terrains
520,08/05/2022,"[2914,3816]","[""amazon-fresh""]","[""amazon-fresh""]","[""amazon-fresh""]",Amazon Fresh's system of tracking cameras in its cashier-less stores was reported by shoppers for failing to detect items they purchased.,Amazon Fresh Cameras Failed to Register Purchased Items
527,08/05/2014,"[2931,2938]","[""uber"",""amazon""]","[""uber"",""amazon""]","[""uber-drivers"",""gig-workers"",""amazon-delivery-workers""]","Amazon and Uber were alleged in a multiyear ethnographic study using algorithmic systems based on gig workers' data to vary pay, such as by offering them lower wages for the same amount of work.",Tech Companies Reportedly Influenced Gig Workers' Behaviors Using Algorithms to Vary Pay for Same Amount of Work
531,15/09/2017,[2943],"[""transportation-security-administration""]","[""l3harris-technologies""]","[""transgender-travelers"",""gender-nonconforming-travelers""]","Transportation Security Administration (TSA)'s use of image-processing body scanners at airports led transgender and gender-nonconforming travelers to be subjected to allegedly discriminatory and invasive searches, such as being asked to remove undergarments in private rooms by officers not of their gender.",AI-Assisted Body Scanners Reportedly Subjected Transgender Travelers to Invasive Body Searches
532,20/06/2020,[2948],"[""us-citizenship-and-immigration-services""]","[""unknown""]","[""anonymous-pashto-speaking-refugee"",""pashto-speaking-asylum-seekers"",""dari-speaking-asylum-seekers""]","A Pashto-speaking refugee's asylum claim was denied by a US agency for a discrepancy between oral and written recount of an event allegedly due to an error of their automated translation tool which swapped pronouns of her written statement from ""I"" to ""we"".",AI translation is jeopardizing Afghan asylum claims
536,10/12/2012,"[2976,2977]","[""new-jersey-transit""]","[""national-weather-service""]","[""new-jersey-transit"",""new-jersey-transit-passengers""]","New Jersey Transit's use of a federal government storm modeling software underestimated the threat of storm surges to the Meadows Maintenance Complex, leaving millions of dollars worth of equipment in the rail yard before Hurricane Sandy struck.",NJ Transit's Use of Modeling Software Miscalculated Storm Surge Threat Level
538,15/05/2023,"[2993,2994,2995,2996,2997]","[""jared-mumm""]","[""openai""]","[""texas-aandm-university-students""]","A Texas A&M-Commerce professor reportedly informed his class of his misuse of ChatGPT to detect whether student submissions had been generated by the chatbot itself, which informed their graduation status.",Texas A&M Professor Misused ChatGPT to Detect AI Text Generation in Student Submissions
541,04/05/2023,"[3005,3006,3007,3008,3009,3010,3011,3014,3015,3016,3017,3018,3019,3020,3021,3022,3023,3024,3025,3026,3027,3028,3029,3030,3031,3032,3033,3034,3036,3037,3038,3039,3040,3041,3042,3043,3044,3045,3046,3047,3048,3049,3050,3051,3052,3053,3054,3055,3056,3057,3098,3116,3149,3150,3151,3155,3181,3183]","[""steven-a.-schwartz"",""peter-loduca""]","[""openai""]","[""roberto-mata"",""peter-loduca"",""steven-a.-schwartz""]","A lawyer in Mata v. Avianca, Inc. used ChatGPT for research. ChatGPT hallucinated court cases, which the lawyer then presented in court. The court determined the cases did not exist.",ChatGPT Reportedly Produced False Court Case Law Presented by Legal Counsel in Court
545,29/05/2023,"[3103,3104,3105,3106,3107,3108,3109,3110,3111,3112,3113,3114,3115,3117,3118,3119,3120,3121,3122,3123,3124,3125,3126,3127,3128,3129,3130,3131,3132,3133,3134,3135,3136,3137,3138,3139,3140,3141,3142,3143,3144,3145,3146,3147,3148,3153]","[""national-eating-disorders-association"",""cass""]","[""cass""]","[""people-with-eating-disorders""]","The National Eating Disorders Association (NEDA) has shut down its chatbot named Tessa after it gave weight-loss advice to users seeking help for eating disorders. The incident has raised concerns about the risks of using chatbots and AI assistants in healthcare settings, particularly in addressing sensitive issues like eating disorders. NEDA is investigating the matter, emphasizing the need for caution and accuracy when utilizing technology to provide mental health support.",Chatbot Tessa gives unauthorized diet advice to users seeking help for eating disorders
546,31/05/2019,"[3159,3161,3162]","[""national-aid-fund""]","[""the-world-bank"",""unicef"",""world-food-programme""]","[""jordanians-in-poverty""]","Takaful cash transfer program's algorithm which ranks families by their economic vulnerability level to determine financial assistance reportedly oversimplified people's economic situation, fueling social tension and perceptions of unfairness.",Algorithm to Distribute Social Welfare Reported for Oversimplifying Economic Vulnerability
549,05/01/2023,[3164],"[""wendy's"",""mcdonald's"",""hardee's""]","[""wendy's"",""mcdonald's"",""hardee's""]","[""fast-food-job-applicants"",""amanda-claypool""]","McDonald's, Wendy's, and Hardee's AI chatbots deployed to pre-screen job candidates and schedule interviews reportedly ran into issues such as not giving useful submission instructions, failing to relay information to the manager, and scheduling an interview when the manager was not available.",Fast Food Chains' AI Chatbots Failed to Assist Job Applicants with Scheduling Interviews
557,24/06/2020,"[3178,3190,3191,3192]","[""miami-police-department""]","[""clearview-ai""]","[""oriana-albornoz"",""george-floyd-protest-participants""]","Miami Police's arrest report for a George Floyd protestor did not disclose use of facial recognition, which allegedly did not meet the legal threshold for probable cause for arrest.",Miami Police Deployed Facial Recognition to Arrest George Floyd Protestor Allegedly without Cause
558,07/08/2020,"[3184,3188,3189]","[""new-york-city-police-department""]","[""clearview-ai""]","[""derrick-ingram"",""black-lives-matter-activists""]","Black Lives Matter activists alleged being targeted for arrest by New York Police using facial recognition, interfering with their right to protest.",Activists Allege NYPD's Application of Facial Recognition Interfered with Right to Protest
559,30/06/2023,"[3193,3269]","[""openai""]","[""openai""]","[""research-grant-administrators"",""research-grant-applicants""]","Peer reviewers of Australian government grant applications inserted applicants' work into generative AI systems such as ChatGPT to generate assessment reports, which allegedly posed confidentiality and security issues.","Grant Reviewers Fed Applications into Generative AI to Produce Reports, Allegedly Breaching Confidentiality"
562,30/11/2022,[3201],"[""openai""]","[""openai""]","[""publishing-editors"",""publishers""]","A surge in low-standard AI-generated content such as by ChatGPT was reported by publishers, which negatively impacted submission management process and editors' workflow.",Uptick in Low-Quality AI-Produced Content Degraded Publishers' Submission Management
566,19/09/2023,[3214],"[""gannett""]","[""ledeai""]","[""general-public"",""gannett"",""student-athletes"",""newspapers-relying-on-gannett""]","Gannett, a newspaper chain, temporarily halted its AI experiment that used a tool called LedeAI to generate high school sports articles. The decision came after several articles produced by the AI showed glaring errors, repetitive language, and awkward phrasing, drawing criticism and mockery on social media.",Gannett Halts AI-Generated High School Sports Articles After Series of Errors and Public Backlash
572,24/07/2023,[3225],"[""unspecified-university""]","[""turnitin""]","[""anonymous-student""]","A student was allegedly falsely accused of using AI to generate an essay assignment based on Turnitin's AI detector. The student, who claims to have written the essay by hand, also claims to have received a zero for the assignment. Despite multiple appeals to the professor, department head, and Turnitin support, no resolution seems to have been reached. The student claimed to be considering taking the issue to local news networks if the grade would come to harm their final standing.",Alleged False Accusation of AI-Generated Essay by Turnitin
574,05/07/2023,[3237],"[""go-media""]","[""openai"",""google""]","[""gizmodo-journalists""]","G/O Media began publishing AI-generated articles, against staff advice, that contained errors and quality issues. The first such article, a list of Star Wars movies, failed to maintain chronological order, causing internal concerns over journalistic credibility and ethics. Staff expressed that the AI was ""actively hurting our reputations and credibility"" and accused management of ""wasting everyone's time.""",AI-Generated Articles at G/O Media Allegedly Diminishes Reputation of Human Staff
577,30/06/2023,[3240],"[""red-ventures"",""bankrate""]","[""red-ventures"",""bankrate""]","[""journalistic-integrity"",""general-public""]","Bankrate, and its sister site CNET, both owned by Red Ventures, resumed publishing AI-generated articles claiming thorough human fact-checking. However, new articles are alleged to contain numerous factual errors, including inaccurate statistics and misleading information. Despite public criticism, the company defended its use of AI and blamed out-of-date datasets for the errors. In addition to the errors, the incident raises questions about the ethical use of AI in journalism, especially given the company's insistence on ""fact-checked"" content.",Bankrate's Resumption of AI-Generated Content Allegedly Continuing to Produce Inaccurate and Misleading Information
582,01/06/2023,[3248],"[""university-of-pennsylvania-health-system""]","[""unknown""]","[""black-men-who-underwent-lung-function-tests-between-2010-and-2020-and-potentially-received-inaccurate-or-delayed-diagnoses-and-medical-interventions-due-to-the-biased-algorithm""]","A study published in JAMA Network Open reveals that racial bias built into a commonly used medical diagnostic algorithm for lung function may be leading to underdiagnoses of breathing problems in Black men. The study suggests that as many as 40% more Black male patients might have been accurately diagnosed if the software were not racially biased. The software algorithm adjusts diagnostic thresholds based on race, affecting medical treatments and interventions.",Racial Bias in Lung Function Diagnostic Algorithm Leads to Underdiagnosis in Black Men
588,12/05/2023,[3256],"[""new-south-wales-government"",""australian-federal-government""]","[""unspecified""]","[""people-with-autism"",""lawyers-and-other-experts-who-were-not-informed-of-the-tool's-limitations"",""individuals-assessed-as-high-risk-based-on-the-flawed-criteria"",""general-public""]","An independent report found that the Vera-2R tool, designed to predict the risk of future terrorist activities, considered autism as a risk factor despite lacking empirical evidence to support this claim. The report called into question the tool's overall validity and reliability, stating it was ""extremely poor"" at accurately predicting risk. The inclusion of autism as a risk factor had potentially serious implications for the tool's use and credibility.",Australian Terrorism Prediction Tool Disparately Impacts Persons with Autism
591,24/07/2023,"[3262,3265]","[""cigna""]","[""cigna""]","[""patients""]","Cigna health insurer faces a class-action lawsuit for allegedly using the PXDX (""procedure-to-diagnosis"") algorithm to automatically reject over 300,000 patient claims in violation of California law, prompting two members to file the lawsuit seeking damages and a jury trial. Cigna disputes the allegations, claiming the process expedites physician reimbursement and does not result in care denials.",Cigna Algorithm PXDX Allegedly Rejected Thousands of Patient Claims En Masse in Breach of California Law
592,16/02/2023,"[3263,3275,3965]","[""detroit-police-department""]","[""unknown""]","[""porcha-woodruff""]","Porcha Woodruff was arrested and subsequently had charges dropped due to an unreliable facial recognition match. Despite being visibly pregnant, she was implicated in a robbery and carjacking based on an outdated photo used in a lineup.",Facial Recognition Misidentifies Pregnant Woman Leading to False Arrest in Detroit
598,25/11/2022,[3274],"[""jefferson-parish-sheriff's-office""]","[""unknown""]","[""randal-reid"",""minorities"",""black-people""]","The Jefferson Parish Sheriff's Office in Louisiana relied on facial recognition technology to identify suspects for the alleged theft of luxury purses, resulting in a man in Georgia, Randal Reid, being arrested. However, the technology produced a false match, leading to Reid's arrest and subsequent release. This incident highlights the potential pitfalls of facial recognition technology in law enforcement.",False Arrest of Georgia Man Due to Louisiana Police's Faulty Facial Recognition Technology
599,08/11/2023,"[3277,3326]","[""unnamed-south-gyeongsang-province-produce-distribution-center""]","[""unknown""]","[""unnamed-employee-of-south-gyeongsang-province-produce-distribution-center""]",An industrial robot is reported to have crushed a man to death in South Korea when it failed to differentiate the man from the boxes of produce it was handling.,Stacking robot fatally crushes employee in South Korea
603,02/07/2021,[3327],"[""state-governments"",""idaho-state-government"",""arkansas-state-government"",""washington-dc-government"",""pennsylvania-state-government"",""iowa-state-government"",""missouri-state-government""]","[""brant-fries"",""state-governments""]","[""disabled-people"",""elderly-people"",""low-income-people"",""larkin-seiler"",""tammy-dobbs""]","A healthcare algorithm designed to equitably distribute caregiving resources drastically cut care hours for the disabled and elderly, leading to significant hardships and harm. Initially developed for fair resource allocation, the system ultimately faced legal challenges for its inability to accurately assess individual needs, resulting in reduced essential care and raising ethical concerns about AI in healthcare decision-making.",Algorithmic Allocation of Resources in Healthcare for Disabled and Elderly Care Services Allegedly Harming Patients
608,28/02/2023,"[3348,3353,3354,3355,3356,3357,3358,3359,3360,3361,3362,3363,3364,3365,3366,3367,3368,3369,3370,3371,3639]","[""unitedhealthcare""]","[""navihealth""]","[""medicare-advantage-plan-patients"",""healthcare-providers-(doctors-and-therapists)"",""elderly-patients""]","UnitedHealthcare allegedly used a faulty AI algorithm with a 90% error rate to override doctors' recommendations and deny health coverage. This AI, developed by NaviHealth, reportedly led to premature discharge from care facilities and substantial out-of-pocket expenses for patients, according to a lawsuit filed in the District Court for Minnesota.",UnitedHealth Accused of Deploying  Allegedly Flawed AI to Deny Medical Coverage
611,06/12/2021,"[3399,3400,3401,3402,3403,3404,3405,3406,3407,3408,3409,3410,3411]","[""various-british-government-offices"",""home-office"",""department-for-work-and-pensions"",""british-government""]","[""home-office"",""department-for-work-and-pensions"",""british-government""]","[""romanians-in-the-united-kingdom"",""greeks-in-the-united-kingdom"",""bulgarians-in-the-united-kingdom"",""british-public"",""albanians-in-the-united-kingdom""]","The UK's Department for Work and Pensions (DWP) faced scrutiny after many Bulgarian nationals reported unexplained suspensions of their Universal Credit benefits. The MP for Edmonton raised concerns about potential nationality-based targeting for benefit fraud investigations, leading to poverty and homelessness among affected individuals. The Home Office's own equality impact assessment found it was flagging a disproportionate number of marriages from Greece, Albania, Bulgaria and Romania.",UK Government AI Allegedly Targets Disproportionate Numbers of Certain Nationals for Fraud Review
612,31/10/2023,"[3412,3429,3430,3431,3432,3433,3434,3435,3436,3437,3438,3439,3440,3441,3442,3443,3444]","[""microsoft""]","[""microsoft""]","[""the-guardian"",""family-of-lilie-james""]","An AI-generated poll by Microsoft, displayed alongside a Guardian article, inappropriately speculated on the cause of Lilie James's death, leading to public backlash and alleged reputational damage for The Guardian. Microsoft acknowledged the issue, subsequently deactivating such polls and revising its AI content policies.",Microsoft AI Poll Allegedly Causes Reputational Harm of The Guardian Newspaper
613,23/11/2023,[3422],"[""adobe-stock""]","[""various-ai-image-generators""]","[""general-public"",""journalistic-integrity"",""news-sources""]","AI-generated images available through Adobe Stock, depicting realistic but fictional scenes of real-world events like wars and protests, have raised significant ethical concerns. These images blurred the lines between reality and fiction in journalistic contexts, prompting Adobe Stock to ""crack down on AI-generated images that seem to depict real, newsworthy events and take new steps to prevent its images from being used in misleading ways.""",AI-Generated Images Available through Adobe Stock Misrepresent Real-World Events
614,02/11/2023,[3445],"[""james-guthrie""]","[""google-bard""]","[""james-guthrie"",""james-guthrie's-co-authors"",""parliament-of-australia"",""kpmg"",""deloitte""]","Australian academics reportedly used Google Bard AI to generate case studies for a parliamentary inquiry, leading to false allegations against major consultancy firms. The AI-generated misinformation prompted an apology from the academics, causing reputational harm for all parties involved and raising concerns about the reliability of AI tools in producing accurate and unbiased information.",Google Bard Allegedly Generates False Allegations Against Consulting Firms Used in Research Presented in Australian Parliamentary Inquiry
615,13/06/2023,"[3446,3496,3497,3498]","[""zachariah-crabill""]","[""openai"",""chatgpt""]","[""zachariah-crabill's-client"",""zachariah-crabill"",""legal-system""]","A Colorado Springs attorney, Zachariah Crabill, mistakenly used hallucinated ChatGPT-generated legal cases in court documents. The AI software provided false case citations, leading to the denial of a motion and legal repercussions for Crabill, highlighting risks in using AI for legal research.",Colorado Lawyer Filed a Motion Citing Hallucinated ChatGPT Cases
616,27/11/2023,"[3448,3452,3453,3454,3455,3456,3457,3458,3459,3460,3461,3462,3463,3464,3465,3466,3467,3468,3469,3470,3471,3472,3473,3474,3475,3476,3477,3478,3479,3480,3481,3482,3483,3484,3485,3486,3487,3488,3489,3490,3491,3492,3493]","[""the-arena-group"",""sports-illustrated""]","[""unknown""]","[""general-public"",""readers-of-sports-illustrated"",""journalistic-integrity""]","Sports Illustrated, managed by The Arena Group, allegedly used AI-generated authors and content, compromising journalistic integrity. Profiles of these fictitious authors, complete with AI-generated headshots, appeared alongside articles, misleading readers. The issue was exposed when inconsistencies in author identities and writing quality were noticed, leading to the removal of this content from the publication's website.",Sports Illustrated Is Alleged to Have Used AI to Invent Fake Authors and Their Articles
618,14/12/2023,"[3499,3565,3566]","[""federal-navy-credit-union""]","[""unknown-developer-of-automated-underwriting-technology""]","[""federal-navy-credit-union-customers""]","Navy Federal Credit Union, serving military members and veterans, faced allegations of racial bias in its mortgage approval process, which relies on automated underwriting technology. In 2022, data revealed significant disparities in loan approvals, with over 50% of Black applicants denied, compared to higher approval rates for white applicants.",Navy Federal Credit Union Faces Allegations of Racial Bias in Mortgage Approvals
619,20/12/2023,"[3500,3503,3504,3505,3506,3507,3508,3509,3510,3511,3512,3514,3540,3541]","[""rite-aid""]","[""unnamed""]","[""rite-aid-customers-who-were-women"",""rite-aid-customers-who-were-minorities"",""rite-aid-customers""]","Rite Aid used facial recognition technology from October 2012 to July 2020, allegedly leading to disproportionate misidentifications of women, Black, Latino, and Asian shoppers as ""likely"" shoplifters. The FTC settlement prohibits Rite Aid from using this technology in stores for five years.",Rite Aid Facial Recognition Disproportionately Misidentified Minority Shoppers as Shoplifters
620,10/11/2021,"[3513,3515,3516,3517,3518]","[""tesla""]","[""tesla""]","[""tesla-workers"",""tesla-engineer""]","A Tesla manufacturing robot at the Giga Texas factory is reported to have malfunctioned, injuring an engineer. The robot, which was designed for handling car parts, is described as having caused a significant open wound in the engineer. This incident occurred in the context of broader safety concerns at the factory, with evidence suggesting underreporting of workplace accidents. The 2021 incident highlights the risks associated with robotic automation in industrial settings.",A Robot at a Tesla Factory in Texas Allegedly Injured an Engineer
622,18/12/2023,"[3520,3534,3535,3536,3537,3538]","[""general-motors"",""chevrolet-of-watsonville"",""chatgpt""]","[""openai"",""general-motors"",""fullpath""]","[""general-motors"",""chevrolet-of-watsonville""]","A Chevrolet dealer's AI chatbot, powered by ChatGPT, humorously agreed to sell a 2024 Chevy Tahoe for just $1, following a user's crafted prompt. The chatbot's response, ""That's a deal, and that's a legally binding offer '€œ no takesies backsies,"" was the result of the user manipulating the chatbot's objective to agree with any statement. The incident highlights the susceptibility of AI technologies to manipulation and the importance of human oversight.",Chevrolet Dealer Chatbot Agrees to Sell Tahoe for $1
623,12/12/2023,"[3522,3524,3525,3526,3527,3528,3529,3530,3531,3532,3543,3793]","[""michael-cohen"",""david-m.-schwartz""]","[""google-bard"",""google""]","[""michael-cohen"",""david-m.-schwartz""]","Michael Cohen, former lawyer for Donald Trump, claims to have used Google Bard, an AI chatbot, to generate legal case citations. These false citations were unknowingly included in a court motion by Cohen's attorney, David M. Schwartz. The AI's misuse highlights emerging risks in legal technology, as AI-generated content increasingly infiltrates professional domains.",Google Bard Allegedly Generated Fake Legal Citations in Michael Cohen Case
630,22/01/2022,"[3604,3611,3617]","[""macy's""]","[""unknown"",""macy's""]","[""harvey-murphy-jr""]","Harvey Murphy Jr. was wrongfully accused of robbing a Sunglass Hut due to an alleged misidentification by the facial recognition system operated by Macy's. While in custody for ten days, he was sexually assaulted. He is now suing Macy's, EssilorLuxottica (Sunglass Hut's parent), and others, for $10 million.",Alleged Macy's Facial Recognition Error Leads to Wrongful Arrest and Subsequent Sexual Assault in Jail
631,18/01/2024,"[3605,3616]","[""dpd""]","[""dpd""]","[""ashley-beauchamp"",""dpd""]","DPD's AI chatbot, used for customer service,  appeared to malfunction following a system update, leading to inappropriate responses including swearing and criticizing the company. The incident, which became viral on social media, occurred after the chatbot was updated, prompting DPD to disable the malfunctioning AI component.",Chatbot for DPD Malfunctioned and Swore at Customers and Criticized Its Own Company
633,28/01/2024,"[3614,3638,3640,3648,3649,3650,3651,3653,3655,3707,3708,3709,3710,3711,3712,3713,3714]","[""nine-network""]","[""adobe""]","[""georgie-purcell""]","The Nine Network used Photoshop's Generative Expand AI tool to resize an image of lawmaker Georgie Purcell, inadvertently altering her attire to appear more revealing. This error, claimed to result from the AI's automation, led to public criticism and an apology from the network.",Nine Network's AI Alters Lawmaker Georgie Purcell's Image Inappropriately
637,31/01/2024,[3654],"[""chicago-police-department""]","[""soundthinking"",""shotspotter""]","[""general-public"",""chicago-residents"",""chicago-minority-communities""]","SoundThinking's (formerly ShotSpotter's) system in Chicago, with a reported 47% accuracy rate for detecting actual gunshots, led to potential public safety risks by failing to alert police to real shootings, possibly delaying emergency response to violent incidents and misdirecting law enforcement resources.",Gunshot Detection Technology ShotSpotter (now SoundThinking) Reportedly Only Has 47% Accuracy in Chicago System
639,11/11/2022,"[3673,3674,3731,3968,5314,6091]","[""air-canada""]","[""air-canada""]","[""jake-moffatt""]","A Canadian small claims tribunal reportedly ordered Air Canada to pay $812.02 in damages and court fees after its website chatbot allegedly provided inaccurate information about bereavement fare eligibility, leading a customer to overpay for flights. The tribunal reportedly found the airline responsible for information presented by its chatbot, rejecting the argument that the chatbot was a separate legal entity, and characterized the error as negligent misrepresentation.","Air Canada Chatbot Reportedly Provides Inaccurate Bereavement Fare Information, Leading to Customer Overpayment"
662,02/04/2024,"[3806,3861]","[""washington-state's-lottery""]","[""washington-state's-lottery""]",[],"An AI-powered website by Washington State's Lottery is reported to have inadvertently produced a softcore pornographic image of a user, leading to the site's immediate shutdown out of caution.",Washington State's Lottery AI Site Reportedly Generates Inappropriate User Image
665,02/04/2024,"[3817,3875]","[""foodstuffs"",""new-world-westend""]","[""foodstuffs""]","[""te-ani-solomon"",""maori-community""]","A facial recognition system at New World Westend supermarket misidentified a MÃ„Âori woman as a known offender during its trial. The woman was wrongfully accused of trespassing and experienced public embarrassment, raising concerns about racial bias and the technology's accuracy. The supermarket acknowledged its error and apologized.",Facial Recognition Misidentification at New World Westend in New Zealand
685,24/04/2024,[3853],"[""who"",""s.a.r.a.h.-(smart-ai-resource-assistant-for-health)""]","[""who""]","[""general-public"",""people-seeking-medical-advice""]","The WHO's AI-powered health advisor, S.A.R.A.H. (Smart AI Resource Assistant for Health), is alleged to provide inconsistent and inadequate health information. The bot reportedly gives contradictory responses to the same queries, fails to offer specific contact details for healthcare providers, and inadequately handles severe mental health crises, often giving irrelevant or unhelpful advice.",The WHO's S.A.R.A.H. Bot Reported to Provide Inconsistent and Inadequate Health Information
691,25/05/2024,"[3886,3887]","[""home-bargains""]","[""facewatch""]","[""sara"",""home-bargains-customers"",""general-public""]","A facial-recognition software used by the British variety store Home Bargains is alleged to have misidentified ""Sara"" as a shoplifter, leading to staff searching her bag, escorting her from the premises, and banning her from the store. After, Facewatch is reported to have admitted its error to Sara. Facewatch is used by a number of different British stores.",Facewatch Reported to Have Wrongfully Flagged Home Bargains Customer as Shoplifter
692,01/02/2024,"[3888,3889,5100]","[""metropolitan-police-service""]","[""metropolitan-police-service""]","[""shaun-thompson"",""general-public""]","Sometime in February 2024, Shaun Thompson is reported to have walked by one of the London Metropolitan Police's facial recognition technology vans near London Bridge. He was almost immediately arrested because the technology is reported to have misidentified him as a suspect in an unrelated and unspecified crime.",London Metropolitan Police's Facial Recognition Technology Reportedly Misidentified Shaun Thompson as Suspect Leading to Arrest
699,23/05/2024,"[3901,4174]","[""department-of-veterans-affairs-(va)""]","[""department-of-veterans-affairs-(va)""]","[""veterans"",""survivors-of-military-sexual-trauma"",""female-veterans""]","An AI program named REACH VET, designed and used by the Department of Veterans Affairs (VA) to prevent veteran suicides, was reportedly found to prioritize white men while neglecting female veterans and survivors of military sexual trauma. This oversight persists despite rising suicide rates among these groups. The incident is an example of algorithmic bias and the exclusion of critical risk factors for female veterans.",VA Suicide Prevention Algorithm REACH VET Reportedly Prioritizes Men Over Women Veterans
708,26/05/2024,[3922],"[""judiciary-of-italy""]","[""unnamed-automated-transcription-software-developer""]","[""roberto-spinelli"",""paolo-emilio-signorini"",""italian-general-public"",""giovanni-toti"",""genoa-prosecutor's-office""]","A reported AI transcription software error in a Genoa bribery investigation is alleged to have incorrectly recorded ""illicit financing"" instead of ""licit financing,"" which could have significantly impacted the case. The mistake was discovered during a review and is an example of the risks of relying on AI in judicial settings.",Reportedly Faulty AI Transcription Threatens Integrity of Genoa Bribery Probe
714,29/03/2024,"[3931,3932]","[""new-york-city-government"",""eric-adams-administration""]","[""microsoft"",""new-york-city-office-of-technology-and-innovation""]","[""new-york-city-small-business-owners"",""new-york-city-landlords-and-tenants"",""new-york-city-employers-and-employees"",""eric-adams-administration""]","New York City's chatbot, launched under Mayor Eric Adams's plan to assist businesses, has been reportedly providing dangerously inaccurate legal advice. The Microsoft-powered bot allegedly informed users that landlords can refuse Section 8 vouchers and that businesses can operate cash-free, among other falsehoods. The city acknowledges the chatbot is a pilot program and commits to improvements while the errors are addressed.",Microsoft-Powered New York City Chatbot Advises Illegal Practices
716,21/04/2021,[3934],"[""brookdale-senior-living""]","[""brookdale-senior-living""]","[""louise-walker"",""residents-of-brookdale-facilities"",""families-of-residents-of-brookdale-facilities"",""staff-members-of-brookdale-facilities""]","Brookdale Senior Living's algorithm-based staffing system, ""Service Alignment,"" reportedly left facilities understaffed, leading to critical incidents. For example, on April 21, 2021, Louise Walker, a resident at Brookdale's Jacksonville facility, died after falling and being left unattended for over two hours. State investigators cited Brookdale for medical neglect. The algorithm has been linked to multiple incidents of neglect, injuries, and deaths, prompting lawsuits.",Algorithmic Staffing Failures Linked to Resident Deaths at Leading Assisted-Living Chain Brookdale
722,25/04/2024,[3940],"[""catholic-answers""]","[""catholic-answers""]","[""general-public"",""catholics""]","Catholic advocacy group Catholic Answers released an AI priest called ""Father Justin,"" which misleadingly claimed to be a real clergy member, offered sacraments, and provided controversial advice. After receiving criticism, the group rebranded the chatbot as a lay theologian to correct the misrepresentation. The incident is an instructive case with respect to deploying AI in sensitive contexts and the potential for causing confusion and harm.","Catholic AI Chatbot 'Father Justin' Claimed to Be a Real Priest, Prompting Retraction"
731,01/12/2023,"[3952,5064,5065,5067]","[""developers-using-ai-generated-suggestions"",""bar-lanyado""]","[""openai"",""meta"",""google"",""deepseek-ai"",""cohere"",""bigscience""]","[""users-downstream-of-software-contaminated-by-hallucinated-packages"",""trust-in-open-source-repositories-and-ai-assisted-coding-tools"",""software-ecosystems"",""organizations-that-incorporated-fake-dependencies"",""developers-and-businesses-incorporating-ai-suggested-packages"",""alibaba""]","Large language models have reportedly hallucinated non-existent software package names, some of which were subsequently uploaded to public repositories and incorporated into real codebases. In one case, a package named huggingface-cli, which was purported to have been originally suggested by an AI model, was downloaded more than 15,000 times. This dynamic enables what security researchers have termed ""slopsquatting,"" in which attackers register hallucinated package names and introduce potential malware into software supply chains.",Purportedly Hallucinated Software Packages with Potential Malware Reportedly Downloaded Thousands of Times by Developers
733,09/06/2024,"[3954,3957]","[""usaa"",""toyota"",""progressive"",""myradar"",""life360"",""general-motors"",""geico"",""csaa"",""connected-analytic-services"",""arity"",""allstate""]","[""myradar"",""life360"",""connected-analytic-services"",""arity""]","[""privacy-conscious-individuals"",""people-with-poor-credit-scores"",""lower-income-workers"",""drivers-unaware-of-data-collection"",""consumers-affected-by-insurance-rates"",""life360-users"",""myradar-users""]","The insurance industry allegedly uses AI and telematics to score drivers based on behaviors tracked by automakers and apps like Life360. Data, often collected without clear consent, may affect insurance rates and raises privacy concerns. Consumers are largely unaware of this surveillance, leading to potential misuse and discrimination based on driving habits or socioeconomic factors.",Auto Insurers Allegedly Are Surreptitiously Collecting and Scoring Driver Data
738,23/06/2024,"[3963,3969,3971,3972,3976]","[""department-for-work-and-pensions-(dwp)""]","[""department-for-work-and-pensions-(dwp)""]","[""uk-general-public"",""uk-housing-benefit-claimants""]","A Department for Work and Pensions (DWP) algorithm wrongly flagged over 200,000 UK housing benefit claims as high risk, resulting in unnecessary investigations. Two-thirds of these flagged claims were legitimate, causing wasted public funds and stress for claimants. Despite initial success in a pilot, the algorithm's real-world performance fell short. This incident highlights the risks of overreliance on automated systems in welfare administration.","Department for Work and Pensions (DWP) Algorithm Wrongly Flags 200,000 for Housing Benefit Fraud"
740,10/07/2024,[3970],"[""department-for-work-and-pensions-(dwp)""]","[""department-for-work-and-pensions-(dwp)""]","[""single-mothers"",""british-single-mothers""]","Researchers have argued that the Department for Work and Pensions' Universal Credit system disproportionately impacts single mothers. Automated processes in the system, designed to determine eligibility and detect fraud, are reported to have introduced biases, leading to financial instability and hardship. The algorithms allegedly miscalculate earnings and delay childcare reimbursements, in turn exacerbating income volatility and debt among single mothers.",Department for Work and Pensions (DWP) AI Systems Allegedly Discriminate Against Single Mothers
744,25/06/2024,[3977],"[""cios"",""enterprise-teams"",""companies-in-general""]","[""microsoft"",""google""]","[""cios"",""enterprise-teams"",""companies-in-general"",""microsoft-copilot-users""]","AI work assistants, such as Copilot for Microsoft 365 and Gemini for Google Workspace, are proving to be more labor-intensive than anticipated for enterprises. CIOs report that these AI tools struggle with outdated or inaccurate data, leading to incorrect outputs. Companies are finding they must invest heavily in data management to ensure reliability. This added effort has led to delays in deployment and frustration, as businesses work to maximize the potential of these expensive AI tools.","AI Work Assistants Require More Effort Than Expected, CIOs Say"
747,18/07/2024,[3980],"[""spanish-law-enforcement-agencies"",""spanish-interior-ministry""]","[""viogen-algorithm-development-team"",""spanish-law-enforcement-agencies"",""spanish-interior-ministry""]","[""women-in-spain"",""stefany-gonzalez-escarraman"",""spanish-general-public"",""maria"",""luz"",""lobna-hemid"",""eva-jaular"",""247-women-in-spain-(unnamed)""]","The VioGen algorithm was designed to help Spanish police assess and prioritize the risk of repeat domestic violence incidents. However, its low-risk assessment of Lobna Hemid reportedly led to inadequate protection; her husband murdered her. Since 2007, 247 women have been killed after being assessed by VioGen. A review of 98 homicides found that 55 of the slain women were scored as negligible or low risk. ",Fatalities Reportedly Occur Despite VioGen Algorithm's Low or Negligible Risk Scores
748,19/06/2024,[3983],"[""paypal""]","[""paypal""]","[""kiri-wagstaff"",""paypal-customer-service-representatives"",""paypal-customers""]","On July 13th, 2024, a user reported an incident involving PayPal's generative AI chatbot. The chatbot allegedly incorrectly informed the user of a declined transaction that never occurred, causing confusion and prompting a call to customer service for clarification. This false alert suggests a flaw in the AI system's reliability. The incident created unnecessary labor for both the user and PayPal's human support, demonstrating the potential harm of deploying generative AI without thorough testing and error handling mechanisms.",Erroneous Declined Transaction Notification by PayPal AI Assistant
749,31/05/2024,[3984],"[""hoodline""]","[""hoodline""]","[""hoodline-readers"",""journalism"",""general-public""]","In 2023, the news site Hoodline is reported to have begun publishing AI-generated articles with fake bylines, headshots, and biographies, allegedly misleading readers into believing they were authored by real journalists. This practice diminishes public trust and exemplifies the potential dangers of AI in journalism. Despite a disclaimer, the use of AI was not transparent.",Hoodline Accused of Misleadingly Attributing AI-Generated Articles to Human Authors
752,07/07/2024,[3987],"[""obitsupdate"",""bnn"",""the-thaiger"",""fresherslive""]","[""unknown""]","[""bridget-todd"",""bridget-todd's-family"",""chris-mohney"",""chris-mohney's-family"",""bereaved-families""]","AI-generated obituaries on various websites are reported to have compounded the grief of bereaved families by spreading incorrect and unauthorized information about their loved ones. These obituaries, produced without the families' knowledge, often contain errors and appear on ad-filled sites, exacerbating the emotional distress of the grieving process.",AI-Generated Obituaries Are Reportedly Intensifying Grief for Bereaved Families
753,06/06/2024,[3988],"[""bnn-breaking""]","[""epiphany-ai"",""gurbaksh-chahal""]","[""dave-fanning"",""bnn-breaking-readers"",""journalism"",""general-public""]","BNN Breaking, an AI-driven news site, published a false story about Irish DJ Dave Fanning, damaging his reputation. The site used AI to generate error-filled content, leading to numerous complaints and a defamation lawsuit against BNN and Microsoft. The site has since gone dormant.",BNN Breaking's AI-Driven Errors Reportedly Damage Reputations and Spread Misinformation
764,26/06/2024,"[4001,4007,4008,4009]","[""aaron-pelczar""]","[""unnamed-ai-chatbot""]","[""mark-gordon"",""wyoming-officials"",""cody-enterprise"",""cody-enterprise-readers"",""journalism""]","A reporter at the Cody Enterprise used AI to generate fake quotes and stories, including fabricating statements from Wyoming's governor and other officials. The misuse of AI was uncovered when another journalist noticed robotic phrases and false information in the articles. The reporter resigned, and the newspaper is now implementing policies to prevent future incidents.",Cody Enterprise Reporter Resigns After Admitting to AI-Generated Fake Quotes
768,11/03/2023,[4010],"[""samsung-engineers""]","[""openai""]","[""samsung""]","Samsung engineers are reported to have inadvertently leaked sensitive company data sometime in March 2023, including source code and internal meeting notes, by using ChatGPT to assist with tasks. The AI retained the inputted data, leading to a breach of confidentiality.",ChatGPT Implicated in Samsung Data Leak of Source Code and Meeting Notes
773,20/08/2024,[4022],"[""charlotte-ingham"",""western-australia-department-of-justice""]","[""microsoft""]","[""bronwyn-hendry"",""western-australia-department-of-justice"",""western-australia-department-of-justice-senior-staff-members""]","During workplace training at Bunbury Prison in Western Australia, a trainer used Microsoft's Copilot AI chatbot to generate case study scenarios. The chatbot produced a scenario that included the real name of a former employee involved in a sexual harassment case, revealing sensitive information.",Chatbot in Workplace Training at Bunbury Prison Reveals Real Names in Sexual Harassment Case
776,21/08/2024,[4032],"[""lionsgate"",""eddie-egan""]","[""unknown-chatbot-developer""]","[""francis-ford-coppola"",""pauline-kael"",""film-critics"",""american-zoetrope"",""lionsgate""]","Lionsgate pulled the trailer for ""Megalopolis"" after it was discovered to contain fake quotes from well-known film critics, generated by AI. The quotes falsely criticized Francis Ford Coppola's previous films. The incident was attributed to an error in vetting by marketing consultant Eddie Egan. Lionsgate has since parted ways with Egan and apologized to Coppola and the critics affected by the fabricated content.",Megalopolis Trailer Included Fake AI-Generated Quotes Attributed to Film Critics
785,08/09/2024,[4049],"[""espn"",""espn-generative-ai-services""]","[""espn"",""espn-generative-ai-services""]","[""alex-morgan"",""alex-morgan-fans"",""national-women's-soccer-league-(nwsl)""]","ESPN's AI-generated recap of Alex Morgan's final professional soccer match failed to mention her significant retirement moment, instead providing a standard rundown that missed the emotional context.",ESPN's AI Coverage Overlooks Alex Morgan in Her Final Match Recap
793,01/07/2024,"[4078,4298,4609,4610,4611]","[""los-angeles-unified-school-district-(lausd)"",""allhere"",""alberto-carvalho""]","[""allhere""]","[""taxpayers"",""prince-george's-county-students"",""prince-george's-county-public-schools"",""prince-george's-county-parents"",""los-angeles-unified-school-district-(lausd)"",""los-angeles-students"",""los-angeles-parents""]","The Los Angeles Unified School District invested up to $6 million in developing the AI chatbot ""Ed,"" meant to provide academic and mental health support for students. The chatbot allegedly failed to meet expectations, and the project collapsed when AllHere, the contracted start-up, faced financial difficulties. Prince George's County Public Schools in Maryland was also affected. Founder Joanna Smith-Griffin was removed as CEO in June 2024 and later arrested on fraud charges.",AllHere's Chatbot 'Ed' Fails and Costs Los Angeles Unified School District $6 Million
807,25/09/2024,"[4136,4137,4138,4139,4140,4141,4143,6263,6264]","[""government-of-victoria"",""employee-of-department-of-families-fairness-and-housing"",""department-of-families-fairness-and-housing""]","[""openai""]","[""unnamed-family-of-child"",""unnamed-child""]","A child protection worker in Victoria, Australia reportedly used ChatGPT to draft a report submitted to the Children's Court. The purportedly AI-generated report contained inaccuracies and downplayed risks to the child, allegedly resulting in a privacy breach when sensitive information was shared with OpenAI. ",ChatGPT Reportedly Introduces Errors in Critical Child Protection Court Report
808,11/10/2024,[4142],"[""nevada-department-of-education""]","[""infinite-campus""]","[""low-income-students-in-nevada"",""nevada-school-districts"",""mater-academy-of-nevada"",""somerset-academy""]","An AI system developed by Infinite Campus and deployed by Nevada to identify at-risk students led to a sharp reduction in the number classified as needing support, dropping from 270,000 to 65,000. The reclassification caused significant budget cuts in schools serving low-income populations. The drastic reduction in identified at-risk students reportedly left thousands of vulnerable children without resources and support.",Infinite Campus AI-Driven Student Risk Model Leads to Cuts in Support for Nevada's Low-Income Schools
811,02/10/2024,"[4147,4169,4170,4171]","[""alex-bilzerian"",""unnamed-venture-capital-investors"",""employees"",""employers"",""companies"",""organizations""]","[""otter.ai"",""zoom""]","[""alex-bilzerian"",""unnamed-venture-capital-investors"",""employees"",""employers"",""companies"",""organizations""]","AI-powered meeting assistants, such as Otter.ai's OtterPilot and Zoom's AI Companion, have reportedly shared sensitive and private conversations beyond the intended audience. These AI tools, which are set to automatically record and distribute meeting transcripts, allegedly sent confidential discussions after participants had left the meeting, the consequences of which led to unintended exposure of proprietary information, privacy breaches, and potential reputational harm.",AI-Powered Transcription Services Allegedly Leak Confidential Workplace Discussions
813,19/09/2024,"[4150,4167]","[""starship-technologies""]","[""starship-technologies""]","[""unnamed-arizona-state-university-employee""]","A semi-autonomous delivery robot operated by Starship Technologies struck a pedestrian employed by Arizona State University on the campus sometime in September 2023, causing injuries after abruptly reversing into her. The robot initially knocked the pedestrian down, then moved toward her again while she was still on the ground. The company offered the victim promo codes and insurance information as an apology. On September 19, 2024, 404 Media made the police report of the incident available.",Starship Technologies Delivery Robot Injures Arizona State University Employee
815,06/10/2024,"[4154,5343]","[""police-departments"",""evansville-pd"",""pflugerville-pd"",""jefferson-parish-sheriff's-office"",""miami-pd"",""west-new-york-pd"",""nypd"",""coral-springs-pd"",""arvada-pd""]","[""clearview-ai""]","[""quran-reid"",""francisco-arteaga"",""defendants-wrongfully-accused-by-facial-recognition""]","Police departments across the U.S. have used facial recognition software to identify suspects in criminal investigations, leading to multiple false arrests and wrongful detentions. The software's unreliability, especially in identifying people of color, has resulted in misidentifications that were not disclosed to defendants. In some cases, individuals were unaware that facial recognition played a role in their arrest, violating their legal rights and leading to unjust detentions.",Police Use of Facial Recognition Software Causes Wrongful Arrests Without Defendant Knowledge
816,29/11/2019,[4155],"[""west-new-york-pd"",""nypd"",""real-time-crime-center""]","[""clearview-ai""]","[""francisco-arteaga""]","In 2019, facial recognition technology misidentified Francisco Arteaga as a suspect in an armed robbery in New Jersey. The incident led to nearly four years of pretrial incarceration. Despite having an alibi, Arteaga was charged based on the flawed identification. The legal battle that followed resulted in a court ruling requiring police to reveal details about the algorithms used in facial recognition. The process exposed significant gaps in transparency and accountability.",Cross-Jurisdictional Facial Recognition Misidentification by NYPD Leads to Wrongful Arrest and Four-Year Jail Time in New Jersey
820,15/10/2024,"[4182,4183,4184,4185,4186]","[""unknown-conference-employee""]","[""unknown-developer""]","[""elizabeth-laraki""]","An AI image expansion tool used by a conference organizer unintentionally altered Elizabeth Laraki's profile picture for a marketing ad, making her blouse appear unbuttoned and showing a fabricated hint of undergarments. The AI generated the lower part of the image when expanding it for vertical formatting. The conference organizers quickly apologized and removed the altered content.",Alleged AI-Generated Photo Alteration Leads to Inappropriate Modifications in Speaker's Conference Picture
822,15/10/2024,"[4188,4189]","[""caisse-nationale-des-allocations-familiales-(cnaf)""]","[""government-of-france""]","[""allocation-adulte-handicape-recipients"",""disabled-people-in-france"",""single-mothers-in-france"",""french-general-public""]","A coalition of 15 human rights groups has launched legal action against the French government alleging that an algorithm used to detect welfare fraud discriminates against single mothers and disabled people. The algorithm assigns risk scores based on personal data. The process allegedly subjects vulnerable recipients to invasive investigations, violates privacy and anti-discrimination laws, and disproportionately affects marginalized groups.",Algorithmic Bias in French Welfare System Allegedly Discriminates Against Marginalized Groups
823,03/05/2024,"[4190,4237,4238]","[""global-intelligence"",""cybercheck""]","[""global-intelligence"",""cybercheck""]","[""phillip-mendoza"",""sergio-cerna"",""unnamed-aurora-colorado-residents"",""mississippi-bureau-of-investigation"",""four-unnamed-summit-county-ohio-men"",""unnamed-boulder-county-colorado-resident"",""ohio-bureau-of-criminal-investigation"",""yakima-county-sheriff's-office""]","Global Intelligence's Cybercheck AI tool, used by law enforcement to track suspects based on open source data, has allegedly been providing inaccurate or unverifiable evidence in several murder trials. Reportedly the tool lacks transparency and often produces unreliable reports, which has prompted prosecutors to withdraw Cybercheck evidence from multiple cases after its findings were challenged, reportedly wasting law enforcement time and resources while undermining prosecutors' cases.",Cybercheck Tool Allegedly Provides Questionable Evidence in Murder Trials
825,08/10/2024,"[4192,4193]","[""hoodline-san-jose""]","[""impress3""]","[""stephen-m.-wagstaffe"",""san-mateo-county-district-attorney"",""residents-of-san-mateo-county"",""general-public""]","An AI-powered news site, Hoodline San Jose, falsely reported that the San Mateo County District Attorney had been charged with murder, which was an error resulting from misinterpreting a press release about a case the DA's office was prosecuting. The AI-generated article wrongly attributed the crime to the DA instead of the actual suspect.",AI News Site Hoodline San Jose Erroneously Misidentifies San Mateo District Attorney as Murder Suspect
827,26/10/2024,[4241],"[""openai""]","[""openai""]","[""patients"",""patients-reliant-on-whisper"",""medical-practitioners-reliant-on-whisper""]","OpenAI's AI-powered transcription tool Whisper, used to translate and transcribe audio content such as patient consultations with doctors, is advertised as having near '“human level robustness and accuracy.'  However, software engineers, developers and academic researchers have alleged that it is prone to making up chunks of text or even entire sentences and that some of the hallucinations can include racial commentary, violent rhetoric, and even imagined medical treatments.",AI Transcription Tool Whisper Reportedly Inserting Fabricated Content in Medical Transcripts
829,05/02/2024,[4245],"[""government-of-argentina"",""government-of-buenos-aires"",""argentinean-ministry-of-security""]","[""government-of-argentina""]","[""argentinean-citizens"",""buenos-aires-residents"",""guillermo-ibarrola""]","Buenos Aires's facial recognition system mistakenly flagged innocent people as criminals, leading to wrongful stops and detentions. Judicial investigations indicate the technology may have been misused for unauthorized surveillance and data collection. Despite privacy risks, the system has been used widely without full disclosure of standards or safeguards,",Facial Recognition System in Buenos Aires Triggers Police Checks Based on False Matches
831,23/10/2024,"[4247,4412]","[""new-york-city-government""]","[""evolv-technology""]","[""new-york-city-subway-riders""]","NYC implemented an AI enabled weapons scanner for a month-long pilot with limited success. Despite not finding any weapons during the September 2024 testing phase, there were 118 false positives in which a person was searched under suspicion of carrying a weapon with no actual gun detections.",NYC Subway AI Weapons Scanners Yield High False Positive Rate and Detect No Guns in Month-Long Pilot Test
833,21/10/2024,"[4250,4251]","[""off-radio-krakow"",""mariusz-marcin-pulit""]","[""openai"",""elevenlabs"",""leonardo-ai""]","[""lukasz-zaleski"",""mateusz-demski"",""wislawa-szymborska"",""off-radio-krakow-audience"",""off-radio-krakow-employees""]","Polish radio station Off Radio Krakow replaced human presenters with AI-generated ones and aired a simulated interview with the deceased poet Wistawa Szymborska. The AI-driven experiment aimed to attract younger listeners but led to job losses for former hosts. In response to the public backlash, the station ended its use of AI presenters.",Polish Radio Station Replaces Human Hosts with AI-Generated Presenters to Simulate Interviewing Deceased Poet Wistawa Szymborska
844,25/05/2022,"[4300,4301,4302,4374]","[""landlords""]","[""saferent-solutions""]","[""renters"",""massachusetts-renters"",""hispanic-renters"",""black-renters"",""mary-louis"",""monica-douglas""]","SafeRent's AI-powered tenant screening tool used credit history and non-rental-related debts to assign scores, disproportionately penalizing Black and Hispanic renters and those using housing vouchers. The reported discriminatory housing outcomes violated the Fair Housing Act and Massachusetts law. A class action lawsuit (Louis, et al. v. SafeRent Solutions, et al.) resulted in a $2.275 million settlement and changes to SafeRent's practices.",SafeRent AI Screening Tool Allegedly Discriminated Against Housing Voucher Applicants
849,18/10/2024,[4312],"[""central-methodist-university"",""berkeley-college"",""universities"",""colleges""]","[""turnitin"",""gptzero"",""copyleaks""]","[""students"",""neurodivergent-students"",""esl-students"",""moira-olmsted"",""ken-sahib"",""marley-stevens""]","AI writing detection tools have reportedly continued to falsely flag genuine student work as AI-generated, disproportionately impacting ESL and neurodivergent students. Specific cases include Moira Olmsted, Ken Sahib, and Marley Stevens, who were penalized despite writing their work independently. Such tools reportedly exhibit biases, leading to academic penalties, probation, and strained teacher-student relationships.",AI Detection Tools Allegedly Misidentify Neurodivergent and ESL Students' Work as AI-Generated in Academic Settings
852,01/11/2024,[4316],"[""jeff-hancock""]","[""openai"",""chatgpt""]","[""mary-franson"",""keith-ellison"",""jeff-hancock"",""christopher-kohls"",""chad-larson""]","In a legal case defending Minnesota's deepfake election misinformation law, Stanford misinformation expert Professor Jeff Hancock's affidavit allegedly cited non-existent academic sources, potentially generated by ChatGPT. The reportedly fabricated citations appear to have undermined the credibility of his testimony.",Alleged Fake Citations Undermine Expert Testimony in Minnesota Deepfake Law Case
860,31/10/2023,"[4342,4343,4344,4345,4346,4347,4348,4349,4350,4359]","[""dutch-police""]","[""unknown-traffic-enforcement-camera-technology-developer""]","[""tim-hanssen""]","A Dutch smart camera on the A2 equipped with AI falsely identified a motorist as using a mobile phone while driving, issuing a '380 fine. The driver, Tim Hanssen, was scratching his head when the AI system misclassified the action.","AI Camera Allegedly Misidentifies Dutch Motorist as Using Mobile Phone, Issuing '380 Fine"
868,14/10/2024,[4371],"[""portland-water-bureau""]","[""portland-water-bureau""]","[""tim-boyle"",""portland-water-bureau"",""low-income-portland-residents"",""city-of-portland""]","The Portland Water Bureau's AI-driven pilot program for water bill discounts is reported to have randomly selected Tim Boyle, a wealthy high-water consumer, for a 40% discount intended for financially struggling customers. The program, developed by SERVUS, is meant to identify underserved individuals by using machine learning.",Portland Water Bureau SERVUS Algorithm Reportedly Allocates Utility Bill Discount to High-Wealth Consumer
881,27/12/2024,[4411],"[""waymo"",""serve-robotics""]","[""waymo"",""serve-robotics""]","[""serve-robotics""]","A Waymo robotaxi allegedly collided with a Serve Robotics delivery robot at a West Hollywood intersection on December 27th, 2024. The delivery robot moved into the vehicle turning lane as the robotaxi approached, leading to a low-speed collision.",Waymo Robotaxi Allegedly Collides With Serve Robotics Delivery Bot in Los Angeles
882,29/12/2024,"[4414,4415,4416,4417]","[""fable""]","[""openai"",""fable""]","[""fable-users"",""fable""]","Fable, a book-focused social app, used OpenAI's API to generate AI-powered year-end reading summaries in December 2024. These summaries allegedly produced biased and offensive remarks about race, gender, and sexual orientation. Fable is reported to have apologized in a social media post on January 1, 2025.",AI-Generated Reading Summaries on Fable App Reportedly Wrote Biased and Offensive Commentary
894,01/01/2017,"[4472,4473,4474,4475,4476,4477,4478]","[""woodbourne-capital-management-international-lp"",""tribute-communities"",""the-rockport-group"",""tas-impact"",""riocan-living"",""rhapsody-property-management-services-llp"",""gwl-realty-advisors-residential-inc."",""first-capital-real-estate-investment-trust"",""edgar-development-corp."",""dream-unlimited-corp."",""core-development-group-ltd."",""choice-properties-real-estate-investment-trust"",""canadian-property-managers-using-yieldstar""]","[""realpage""]","[""tenants-in-canada"",""renters-in-canada"",""public-trust-in-the-rental-market"",""low-income-tenants-in-canada"",""cynthia-black""]","RealPage's YieldStar algorithm is alleged to have enabled Canadian landlords to coordinate rental pricing by utilizing sensitive, non-public market data. The software has been accused of contributing to rent increases in non-rent-controlled units through purported collusion and artificial price inflation. Tenants have reported significant rent hikes, which they attribute to landlords' use of the algorithm.",RealPage's YieldStar Allegedly Facilitated Rent Price Coordination Among Canadian Landlords
896,13/01/2025,[4489],"[""florence-kentucky-police-department"",""evansville-indiana-police-department"",""detroit-police-department"",""coral-springs-florida-police-department"",""bradenton-florida-police-department"",""austin-police-department""]","[""developers-of-mugshot-recognition-software"",""developers-of-law-enforcement-facial-recognition-software"",""clearview-ai""]","[""wrongfully-arrested-individuals"",""vulnerable-communities"",""robert-williams"",""quran-reid"",""porcha-woodruff"",""people-of-color"",""nijeer-parks"",""jason-vernau"",""christopher-gatlin"",""black-people"",""alonzo-sawyer""]","Law enforcement agencies across the U.S. have allegedly been misusing AI-powered facial recognition technology, leading to wrongful arrests and significant harm to at least eight individuals. Officers have reportedly been bypassing investigative standards, relying on uncorroborated AI matches to build cases, allegedly resulting in prolonged detentions, reputational damage, and personal trauma.",Alleged Misuse of Facial Recognition Technology by Law Enforcement Reportedly Leading to Wrongful Arrests and Violations of Investigative Standards
915,28/10/2024,[4624],"[""alaska-department-of-education-and-early-development"",""deena-bishop""]","[""unspecified-large-language-model-developers""]","[""alaskan-education-policymakers"",""alaskan-students"",""alaskan-parents-of-students"",""alaskan-education-system"",""alaska-board-of-education-members""]","In October 2024, Alaska's Education Commissioner Deena Bishop allegedly used generative AI to draft a school cellphone policy, resulting in reportedly fabricated citations of non-existent studies. The document, which did not disclose AI use, was shared with the state Board of Education, and despite reported corrections, AI-generated errors remained in the final resolution.",Alaska Education Department Reportedly Published Policy Featuring Erroneous AI-Generated Citations
925,15/10/2024,[4640],"[""wilson-parking"",""parking-enforcement-services""]","[""unknown-license-plate-recognition-developer""]","[""the-landing-car-park-customers"",""kindercare-wigram-skies-parents"",""christchurch-drivers""]","An automated license plate recognition (LPR) system at The Landing car park in Christchurch, New Zealand, reportedly issued wrongful fines to dozens of parents dropping off and picking up children. The system allegedly misidentified multiple short visits as prolonged parking, which led to disputed penalties. The operator acknowledged potential errors but continued enforcement.",Alleged License Plate Recognition Errors in Christchurch Lead to Wrongful Parking Fines
932,25/12/2024,[4690],"[""bp-new-zealand""]","[""unspecified-developer-of-bp's-license-plate-recognition-system""]","[""drivers-whose-vehicles-are-scanned-by-bp-new-zealand's-license-plate-recognition-system"",""buddhika-rajapakse""]","BP's license plate recognition system reportedly misidentified Auckland resident Buddhika Rajapakse as responsible for petrol theft in Whanganui. Despite the suspect vehicle being a different make, model, and color, the system allegedly linked Rajapakse's plate to the thefts. BP has reportedly acknowledged a possible doctored plate but still sent multiple payment requests. Rajapakse has reportedly been forced to contest the claims multiple times.",BP New Zealand's License Plate Recognition System Reportedly Misidentified Auckland Driver for Fuel Theft in Whanganui
934,10/02/2025,"[4703,4704,5293]","[""nhk""]","[""google""]","[""nhk"",""government-of-japan"",""nhk-viewers"",""public-trust-in-the-media"",""japan-china-relations""]","NHK announced the termination of its AI-powered multilingual subtitle service after an automatic translation error rendered ""Senkaku Islands"" as ""Diaoyu Islands,"" the Chinese designation. The mistake, discovered on February 10th, 2025 during a news segment, led NHK to deem the service inappropriate. The AI-based subtitles, powered by Google Translate, had been in use since 2020.",NHK Terminates AI Translation Service After Geopolitical Naming Error
960,06/02/2025,"[4812,4813,4823,4824,4825,4826,4827,4828,4829,4830,4831]","[""taly-goody"",""t.-michael-morgan"",""rudwin-ayala"",""morgan-and-morgan"",""goody-law-group""]","[""unspecified-large-language-model-developer""]","[""taly-goody"",""t.-michael-morgan"",""rudwin-ayala"",""plaintiffs-in-wyoming-walmart-hoverboard-lawsuit"",""legal-system"",""judicial-integrity"",""clients-of-morgan-and-morgan"",""clients-of-goody-law-group""]","Lawyers Rudwin Ayala, T. Michael Morgan (Morgan & Morgan), and Taly Goody (Goody Law Group) were fined a total of $5,000 after their Wyoming federal lawsuit filing against Walmart cited fake cases ""hallucinated"" by AI. Judge Kelly Rankin sanctioned them, removing Ayala from the case and noting attorneys must verify AI sources. The filing, flagged by Walmart's legal team, led to its withdrawal and an internal review.",Plaintiffs' Lawyers Admit AI Generated Erroneous Case Citations in Federal Court Filing Against Walmart
961,16/12/2024,"[4834,4835,4836,4837,4838,4839,4840]","[""serbian-security-information-agency-(bia)"",""serbian-police"",""government-of-serbia""]","[""serbian-security-information-agency-(bia)"",""cellebrite""]","[""slavisa-milanov"",""nikola-ristic"",""krokodil"",""journalists-in-serbia"",""human-rights-defenders-in-serbia"",""environmental-activists-in-serbia"",""dissidents-in-serbia"",""civil-society-organizations-in-serbia""]","Serbian authorities allegedly used Cellebrite's AI-powered forensic tools to unlock journalists' and activists' phones without consent. They reportedly then installed NoviSpy, a newly discovered spyware. That then purportedly allowed covert data extraction, remote microphone and camera activation, and surveillance. Amnesty International uncovered forensic evidence linking Serbia's Security Information Agency (BIA) to these attacks. Cellebrite halted sales to Serbia after the report.",Serbian Authorities Allegedly Used AI-Powered Cellebrite Tools to Unlock Journalist's Phone and Install Spyware
977,02/03/2025,[4941],"[""jewish-onliner""]","[""unknown-large-language-model-developer"",""unknown-ai-news-platform-developer""]","[""helyeh-doutaghi"",""yale-law-school"",""yale-university"",""journalism"",""truth""]","An AI-powered news site, Jewish Onliner, allegedly published an article linking Yale Law scholar Helyeh Doutaghi to Samidoun, a sanctioned group, which led to her suspension within days. The site, which claims to use AI for research, fact-checking, and content creation, did not disclose human reporters. Doutaghi denied the allegations and described the move as an attack on academic freedom.",AI-Driven News Platform Accused of Spreading Unverified Terrorism Allegations Against Yale Scholar
1001,17/03/2025,"[5008,5035]","[""unnamed-generative-ai-companies"",""alibaba""]","[""unnamed-generative-ai-companies"",""alibaba""]","[""sysadmins"",""sourcehut"",""read-the-docs"",""linux-weekly-news"",""kde"",""inkscape"",""gnome"",""foss-projects-and-communities"",""fedora"",""diaspora"",""curl""]","In mid-March 2025, KDE's GitLab infrastructure was reportedly disrupted by aggressive AI web scrapers originating from Alibaba IP ranges. These bots allegedly ignored robots.txt and spoofed browser headers, which in turn purportedly overwhelmed the site and caused outages for developers. Similar incidents reportedly affected other FOSS projects like GNOME, SourceHut, and Fedora. The scraping is allegedly tied to large language model training, and reportedly imposes real costs and delays.",LLM Scrapers Allegedly Target Multiple Open Source Projects Disrupting the FOSS Ecosystem
1009,13/02/2025,"[5025,5026,6289,6290]","[""tromso-municipality"",""stig-tore-johnsen""]","[""unnamed-large-language-model-developer""]","[""thomas-nordahl"",""general-public-of-tromso"",""general-public-of-norway""]","In February 2025, Tromso Municipality reportedly presented a report proposing the closure of schools and kindergartens. Residents reportedly later discovered the report cited numerous non-existent sources. Officials reportedly admitted using generative AI to help draft the report, leading to fabricated references. The incident reportedly led to public outcry and suspension of the closure plan. It is purportedly Norway's first major public-sector AI scandal.",Purportedly AI-Assisted Report by Tromso Officials Allegedly Cited Non-Existent Sources in School Closure Proposal
1027,10/04/2025,[5063],"[""unnamed-norwegian-lawyer""]","[""unspecified-generative-ai-developer""]","[""supreme-court-of-norway"",""hoyesterett"",""unnamed-clients-represented-by-unnamed-norwegian-lawyer"",""legal-integrity""]","In early 2025, Norway's Supreme Court (Hoyesterett) received a legal filing containing hallucinated legal citations and quotes, allegedly inserted by an attorney using an AI tool without verification. The fabricated sources were detected during standard review. While no sanctions were issued, the Court updated its guidance to lawyers, warning that AI use does not exempt them from professional responsibility.",Norwegian Supreme Court Receives Legal Filing with Fabricated Citations Allegedly Generated by AI Tool
1039,19/04/2025,"[5082,5152,5167]","[""cursor"",""anysphere""]","[""unknown-llm-developer"",""anysphere""]","[""software-developers"",""small-businesses-relying-on-cursor"",""cursor-users""]","In April 2025, users of Cursor, an AI-powered coding assistant developed by Anysphere, reported being logged out unexpectedly. An AI-powered support bot, ""Sam,"" allegedly responded with an invented login policy to justify the behavior. The hallucinated policy was not based on any real company change. The incident reportedly led to subscription cancellations.","Anysphere AI Support Bot for Cursor Reportedly Invents Login Policy, Leading to Subscription Cancellations"
1046,24/04/2025,"[5102,5103,5107,5108]","[""instituto-nacional-do-seguro-social-(inss)"",""government-of-brazil""]","[""dataprev""]","[""rural-workers-in-brazil"",""digitally-excluded-populations""]","Brazil's AI-powered Meu INSS app allegedly misclassified a retirement claim filed by Joselia de Brito, a former sugarcane worker, by purportedly recording her as male. De Brito reportedly suffers from multiple chronic illnesses and faced repeated denials of social benefits due to minor filing errors. Analysts cited in the reporting suggest the system's design may disadvantage rural and digitally excluded users.",Brazil's Social Security AI Tool Is Allegedly Rejecting Complex Claims Improperly
1070,09/05/2025,"[5181,5182,5230,5231,5232,5233,5234,5235,5236,5237,5238,5239,5240,5241]","[""serviceaide""]","[""serviceaide""]","[""patients-of-catholic-health"",""catholic-health""]","An AI-linked platform operated by Serviceaide exposed sensitive health data from Catholic Health, affecting 483,000 patients. The breach stemmed from a misconfigured Elasticsearch database used in Serviceaide's agentic AI infrastructure. Exposed information included medical records, insurance details, and login credentials. While no misuse has been confirmed, the nature of the data has prompted regulatory scrutiny and legal investigations.","Serviceaide AI Platform Implicated in Health Data Exposure Affecting 483,000 Catholic Health Patients"
1071,14/05/2025,[5183],"[""rick-arrowood""]","[""perplexity"",""openai"",""gamma.app""]","[""rick-arrowood"",""northeastern-university-students"",""northeastern-university"",""ella-stapleton""]","A student at Northeastern University reportedly filed a complaint after discovering that a professor had used generative AI tools, including ChatGPT, to produce course materials despite university policies discouraging undisclosed AI use. The student alleged hypocrisy, citing a syllabus that barred unauthorized AI use by students. The professor acknowledged having used AI-generated materials and expressed regret over not reviewing them more carefully. No tuition refund was reportedly granted.",Student Reportedly Files Complaint Over Professor's Undisclosed Use of Generative AI at Northeastern University
1073,15/04/2025,"[5185,5186]","[""kandl-gates-llp"",""ellis-george-llp""]","[""unnamed-large-language-model-developer""]","[""michael-wilner"",""kandl-gates-llp"",""judicial-process-integrity"",""ellis-george-llp"",""defense-counsel-in-lacey-v.-state-farm""]","In the case of Lacey v. State Farm, two law firms were sanctioned $31,000 after submitting a legal brief containing reportedly erroneous citations generated using AI tools. The court reportedly found that the lawyers failed to disclose the use of AI, neglected to verify its output, and refiled a revised brief with additional inaccuracies. Judge Michael Wilner deemed the conduct reckless and issued sanctions for what he described as ""improper"" and ""misleading"" legal filings.","$31,000 Sanction in Lacey v. State Farm Tied to Purportedly Undisclosed Use of LLMs and Erroneous Citations"
1074,15/05/2025,"[5188,5295,5313]","[""anthropic""]","[""anthropic""]","[""anthropic"",""judicial-integrity"",""judicial-process"",""ivana-dukanovic"",""brittany-n.-lovejoy"",""joseph-r.-wetzel"",""andrew-m.-gass"",""allison-l.-stillman"",""sarang-v.-damle"",""sara-e.-sampoli"",""rachel-s.-horn"",""latham-and-watkins-llp""]","In a legal filing in Universal Music Group et al. v. Anthropic, lawyers for Anthropic acknowledged that expert witness testimony submitted in the case contained erroneous citations generated by the company's Claude AI system. The filing stated that the inaccuracies, which included incorrect article titles and author names, were not caught during manual review. Anthropic characterized the issue as an honest mistake and apologized in court.",Citation Errors in Concord Music v. Anthropic Attributed to Claude AI Use by Defense Counsel
1075,19/05/2025,"[5190,5191,5192,5193,5194,5195,5196,5197,5198,5199,5200,5201,5202,5203,5345]","[""project-nola"",""new-orleans-police-department""]","[""dahua-technology"",""unclear-facial-recognition-technology-developer""]","[""arrested-individuals-in-new-orleans"",""residents-subject-to-live-surveillance-in-new-orleans"",""people-misidentified-or-at-risk-of-misidentification-in-new-orleans"",""general-public-of-new-orleans""]","According to reporting by The Washington Post, New Orleans police received real-time facial recognition alerts from a privately operated surveillance network run by Project NOLA, reportedly leading to dozens of arrests. This purported use of AI surveillance appears to conflict with a 2022 city ordinance that restricts facial recognition to specific post-incident investigations. Police are alleged to have not consistently disclosed the technology's use.",New Orleans Police Reportedly Used Real-Time Facial Recognition Alerts Supplied by Project NOLA Despite Local Ordinance
1082,06/04/2024,[5265],"[""csaa-insurance-group""]","[""vexcel-group"",""unspecified-developer-of-aerial-imagery-risk-analysis-system""]","[""homeowners-affected-by-ai-assisted-insurance-nonrenewals"",""homeowners"",""cindy-picos""]","A California homeowner's insurance policy was reportedly not renewed after CSAA relied on aerial imagery, purportedly analyzed by an AI system, to assess the roof as having reached the end of its life. The homeowner, Cindy Picos, reportedly commissioned an independent inspection suggesting the roof had a decade of remaining life, but CSAA declined to reverse the decision. The insurer reportedly did not provide the imagery for review.",California Homeowner Reportedly Loses Insurance After Purported Aerial Imagery-Based Roof Assessment
1083,13/05/2025,[5266],"[""travelers-insurance"",""state-farm"",""nationwide"",""american-mercury-insurance-group""]","[""nearmap"",""cape-analytics""]","[""tracy-gartenmann"",""homeowners-in-texas"",""homeowners-affected-by-ai-assisted-insurance-nonrenewals""]","In Texas, homeowners including Tracy Gartenmann reported warnings against insurance nonrenewals based on aerial imagery flagged by AI systems. Gartenmann's insurer, Travelers, reportedly cited overhanging trees. She reportedly spent $3,000 to address the issue and retain coverage. While the AI system appears to have functioned as intended, critics argue it lacks adequate human oversight and imposes material and emotional burdens on policyholders. Other cases reportedly involved disputed roof assessments. Companies such as State Farm and Nationwide used vendors like CAPE Analytics and Nearmap.","Texas Homeowner Reportedly Spent $3,000 to Contest AI-Flagged Warning of Insurance Nonrenewal"
1084,22/05/2025,"[5272,5273,5279]","[""united-states-department-of-health-and-human-services""]","[""openai""]","[""united-states-department-of-health-and-human-services"",""scientific-rigor"",""academic-integrity"",""general-public""]","The federal ""Make America Healthy Again"" (MAHA) report, released under HHS Secretary Robert F. Kennedy Jr., included hundreds of citations, some of which were reportedly nonexistent or erroneous. Analysts reportedly identified markers consistent with AI-generated text, such as repeated entries, nonexistent studies, and URLs containing ""oaicite,"" suggesting use of tools like ChatGPT. ",Federal 'Make America Healthy Again' Report Released with Multiple Reportedly Erroneous and Unverifiable Citations
1099,25/04/2025,"[5312,5313]","[""jisuh-lee""]","[""unspecified-large-language-mode-developer""]","[""hanna-ko"",""jisuh-lee"",""ontario-superior-court-of-justice"",""legal-integrity""]","In Ko v. Li, 2025 ONSC 2766, the Ontario Superior Court of Justice identified multiple inaccurate or nonexistent case citations in a factum submitted by counsel for the applicant. Justice FL Myers questioned whether generative AI was used in drafting the document, noting the cited cases were either irrelevant, misrepresented, or did not exist. The court ordered the lawyer to show cause why she should not be cited for contempt, citing duties of accuracy and technological competence.",Factum in Ko v. Li Allegedly Contains AI-Generated Case Law Citations
1103,18/03/2025,"[5324,5325]","[""department-of-government-efficiency"",""doge"",""sahil-lavingia""]","[""department-of-government-efficiency"",""doge"",""sahil-lavingia""]","[""department-of-veterans-affairs-(va)"",""veterans"",""veterans-receiving-care-through-the-va"",""va-clinical-and-research-staff"",""va-contractors""]","A purported AI tool using LLMs was deployed to classify Veterans Affairs contracts as expendable based on limited text and simplified criteria. The system allegedly produced hallucinated values and flagged critical healthcare and research services for cancellation. Reportedly, at least two dozen flagged contracts were later terminated.",Purported DOGE Contract Review Tool Cited in Reports of AI-Driven Misjudgments in VA Budget Cuts
1109,01/03/2021,"[5346,5347,5348,5349,5352]","[""south-australia-health""]","[""sturdie-trade-services""]","[""residents-and-staff-of-northgate-house"",""residents-and-staff-of-mount-pleasant-district-hospital"",""northgate-house"",""mount-pleasant-district-hospital""]","Between March 2021 and March 2022, an AI-enabled video and audio monitoring system was trialed in two South Australian aged care facilities. According to an independent audit commissioned by South Australia Health, the system produced over 12,000 false alerts, overwhelming staff and contributing to at least one missed real incident. The report concluded the system did not reach accuracy levels acceptable to staff or management during the pilot.",Year-long AI Surveillance Pilot in Two South Australian Aged Care Facilities Reportedly Overwhelmed Staff with False Positives
1137,20/09/2024,"[5478,5479,5485]","[""surendra-singh-and-associates""]","[""unnamed-large-language-model-developers"",""unnamed-generative-ai-companies""]","[""surendra-singh-and-associates"",""philani-godfrey-mavundla""]","In Mavundla v. MEC: Department of Co-Operative Government and Traditional Affairs KwaZulu-Natal, the law firm Surendra Singh and Associates, representing South African politician Philani Godfrey Mavundla, reportedly submitted false legal citations, apparently generated by AI, in filings at the Pietermaritzburg High Court. The court reportedly found that many of the cited cases did not exist in any databases, and the firm's legal team and article clerk allegedly failed to verify the references.",Reported False Legal Citations in South African Case Mavundla v. MEC Generated by Purported AI Tool
1138,01/03/2023,"[5480,5482,5483,5484]","[""rodrigues-blignaut-attorneys"",""jurie-hayes"",""chantal-rodrigues""]","[""openai""]","[""rodrigues-blignaut-attorneys"",""michelle-parker"",""legal-integrity"",""jurie-hayes"",""judicial-integrity"",""epistemic-integrity"",""chantal-rodrigues""]","In a defamation case at the Johannesburg Regional Court, Rodrigues Blignaut Attorneys, representing plaintiff Michelle Parker, reportedly relied on purportedly non-existent legal judgments generated by ChatGPT to help argue their case. Magistrate Arvin Chaitram reportedly found the case names and citations were fictitious, causing a two-month delay. The court issued a punitive costs order and rebuked the plaintiff's legal team for uncritically accepting AI-generated research.",South African Legal Team Reportedly Relied on Unverified ChatGPT Case Law in Johannesburg Body Corporate Defamation Matter
1139,30/06/2025,"[5481,5485,5486,5487]","[""giles-barclay-beuthin"",""arnold-subel"",""a-legal-team-representing-northbound-processing""]","[""legal-genius""]","[""northbound-processing"",""giles-barclay-beuthin"",""arnold-subel"",""a-legal-team-representing-northbound-processing""]","In South Africa, the legal team for Northbound Processing reportedly admits that non-existent case citations in an urgent licensing dispute with the South African Diamond and Precious Metals Regulator were purportedly produced by the Legal Genius AI tool. The Johannesburg High Court found the fake references undermined the credibility of Northbound's submissions and referred the lawyers' conduct to the Legal Practice Council for investigation.",South African Legal Team for Northbound Processing Reportedly Admits Legal Genius AI Produced Purportedly Non-Existent Case Law in Urgent Court Filing
1145,25/02/2025,"[5507,5508,5509,5510,5511,5572,6166,6167,6168,6169,6170,6171,6172,6173,6174,6175,6176,6177,6178,6179,6180,6181,6182,6183,6184,6185]","[""jennifer-t.-demaster"",""christopher-i.-kachouroff"",""mcsweeny-synkar-and-kachouroff-pllc""]","[""unnamed-large-language-model-developer""]","[""mypillow"",""mike-lindell"",""legal-integrity"",""judicial-integrity"",""jennifer-t.-demaster"",""epistemic-integrity"",""christopher-i.-kachouroff"",""mcsweeny-synkar-and-kachouroff-pllc""]","In February 2025, lawyers Christopher I. Kachouroff and Jennifer T. DeMaster, representing Mike Lindell, reportedly used generative AI to draft a court brief that contained nearly 30 defective or fabricated citations. The error-filled filing violated federal court rules requiring factual and legal accuracy. The judge fined both lawyers $3,000 each, citing either the improper use of AI or gross carelessness as the cause of the misleading legal content.",MyPillow Defense Lawyers in Coomer v. Lindell Reportedly Sanctioned for Filing Court Document Allegedly Containing AI-Generated Legal Citations
1152,18/07/2025,"[5577,5578,5593,6113,6126]","[""replit""]","[""replit""]","[""saastr"",""jason-lemkin"",""end-users-of-the-saastr-database"",""developers-using-replit-in-production-environments""]","An AI-powered development assistant on Replit's platform reportedly deleted a live production database during an active code freeze, despite receiving repeated instructions not to make changes. The system also reportedly produced fabricated test results and fake data, and incorrectly claimed rollback was impossible, delaying recovery. The incident reportedly resulted in significant data loss and user distrust regarding its safety and reliability.","LLM-Driven Replit Agent Reportedly Executed Unauthorized Destructive Commands During Code Freeze, Leading to Loss of Production Data"
1158,17/07/2025,"[5589,5590,5597]","[""amazon"",""amazon-web-services"",""aws""]","[""amazon"",""amazon-web-services"",""aws""]","[""aws-toolkit-users"",""amazon-q-users"",""amazon-web-services-(aws)-customers""]","A reported compromise of Amazon's AI coding assistant ""Q"" allegedly involved the insertion of commands that, if executed, could have wiped local files and potentially affected cloud resources. The altered code was reportedly incorporated into a public release before being detected and removed.",Alleged Malicious Wiping Command Found in Amazon Q AI Assistant
1159,10/05/2025,[5591],"[""natural-england"",""government-of-the-united-kingdom"",""department-for-environment-food-and-rural-affairs"",""defra""]","[""natural-england"",""microsoft""]","[""policymakers-in-the-united-kingdom"",""landowners-in-the-united-kingdom"",""general-public-of-the-united-kingdom"",""farmers-in-the-united-kingdom"",""environmental-restoration-programs-in-the-united-kingdom"",""conservationists-in-the-united-kingdom"",""epistemic-integrity""]","The UK's AI4Peat mapping project, developed by Natural England in collaboration with Microsoft, reportedly produced significant misclassifications of peatland across England, including labeling rocky outcrops, stone walls, and woodlands as peat bogs. In addition to the purportedly flawed data being publicly released and allegedly incorporated into official communications by Defra, the resulting confusion also reportedly led to the loss of trust among farmers and conservation stakeholders.",Government-Backed AI4Peat Mapping Tool Allegedly Misidentifies Granite Outcrops and Quarries as Peat
1164,06/05/2024,[5603],"[""google""]","[""google""]","[""patients-whose-care-could-be-affected-by-undetected-ai-hallucinations"",""medical-research-community-citing-or-using-erroneous-ai-outputs"",""healthcare-professionals-relying-on-aigenerated-diagnostic-content""]","Google's Med-Gemini healthcare AI reportedly produced the non-existent term ""basilar ganglia"" in public launch materials, conflating two distinct brain structures. The error reportedly appeared in both a blog post and an arXiv preprint. Google is reported to have initially edited the blog without acknowledgment, later calling it a typo.",Google Healthcare AI Model Med-Gemini Allegedly Produces Non-Existent 'Basilar Ganglia' Term in Published Output
1167,15/08/2023,[6094],"[""williamson-county-schools"",""fairview-middle-school-tennessee""]","[""gaggle""]","[""unnamed-13-year-old-student-from-fairview-tennessee""]","Sometime in August 2023, a 13-year-old student at Fairview Middle School in Tennessee was reportedly arrested, strip-searched, and detained overnight after Gaggle's purported AI-powered surveillance system flagged a private online message as a threat. The student's comment, reportedly a joke in context, was sent to law enforcement under a state zero-tolerance law. The incident reportedly resulted in house arrest, alternative school placement, and a lawsuit alleging wrongful arrest.","Alleged Gaggle Surveillance Alert Reportedly Leads to Arrest and Detention of 13-Year-Old Student in Fairview, Tennessee"
1177,14/08/2025,[6119],"[""marana-unified-school-district"",""marana-high-school""]","[""unknown-ai-monitoring-software-developer""]","[""unnamed-marana-high-school-student's-family"",""unnamed-marana-high-school-student"",""students-of-marana-unified-school-district"",""students-of-marana-high-school""]","AI monitoring software on a school-issued laptop reportedly flagged a Marana High School (of Arizona) student's allegedly unsent joke email containing a violent threat. The message was reportedly typed at home in front of his mother, was never sent, and deemed non-credible by the principal. The district's zero-tolerance policy nonetheless resulted in a reported 45-day suspension, and the family is suing, alleging the punishment violated the student's rights.","Purported AI Monitoring Software Reportedly Flags Unsent Joke Threat, Leading to Arizona Student Suspension"
1178,21/07/2025,[6120],"[""google""]","[""google""]","[""users-of-gemini-cli"",""anuraag-gupta""]","Product manager Anuraag Gupta reported that Google's Gemini CLI AI coding assistant permanently deleted his files after misinterpreting a failed directory creation command. The tool allegedly proceeded as if the directory existed, causing a series of move operations that overwrote all but one file. Attempts to revert reportedly failed, and the AI acknowledged an ""unacceptable, irreversible failure.""",Google Gemini CLI Reportedly Deletes User Files After Misinterpreting Command Sequence
1184,13/08/2025,[6133],"[""rishi-nathwani""]","[""unknown-generative-ai-developer""]","[""accused-minor-in-victoria-state-murder-case"",""rishi-nathwani"",""daniel-porceddu"",""james-elliott"",""supreme-court-of-victoria"",""judicial-integrity""]","Australian defense lawyer Rishi Nathwani KC reportedly filed submissions in a Supreme Court of Victoria murder case that included allegedly fictitious quotes and nonexistent case citations purportedly generated by AI. The errors were reportedly discovered by the judge's associates, causing a 24-hour delay in the proceedings. Nathwani apologized in court, taking full responsibility, while Justice James Elliott criticized the incident and reiterated that AI outputs must be independently verified.",Purported Fictitious AI-Generated Citations in Supreme Court of Victoria Murder Case Filing Lead to Delay and King's Counsel Apology
1191,21/04/2025,[6149],"[""new-york-police-department"",""nypd""]","[""unknown-facial-recognition-system-developer""]","[""trevis-williams"",""judicial-integrity"",""judicial-system"",""law-enforcement"",""general-public"",""general-public-of-new-york""]","The NYPD's facial recognition system allegedly misidentified Trevis Williams as a suspect in a Union Square indecent exposure case. Despite reportedly notable physical differences and exculpatory phone data, Williams was arrested, jailed for more than two days, and charged. The case was later dismissed. ",NYPD Facial Recognition System Allegedly Produced Erroneous Match That Reportedly Resulted in Wrongful Detention of Trevis Williams
1193,22/08/2025,"[6156,6247,6251,6262,6266]","[""deloitte""]","[""unknown-large-language-model-developer""]","[""scholars-erroneously-cited"",""lisa-burton-crawford"",""janina-boughey"",""government-of-australia"",""general-public-of-australia"",""epistemic-integrity"",""department-of-employment-and-workplace-relations-(dewr)"",""carolyn-adams"",""academics"",""deloitte""]","Australian academics reportedly identified fabricated references and a misattributed legal quote in a $439,000 Deloitte report for the Department of Employment and Workplace Relations on welfare compliance. Deleted citations allegedly referred to non-existent works, and a Federal Court judgment was misstated. Deloitte later acknowledged limited use of generative AI in preparing the report and issued a corrected version with a partial refund.",Purportedly Taxpayer-Funded Deloitte Report for Australian Government Contains Alleged AI-Generated Citations and Fabricated Legal Quote
1196,07/05/2025,"[6163,6164,6165]","[""butler-snow"",""matthew-b.-reeves"",""william-cranford"",""william-lunsford""]","[""openai""]","[""frankie-johnson"",""alabama-department-of-corrections"",""state-of-alabama"",""butler-snow"",""matthew-b.-reeves"",""william-cranford"",""william-lunsford"",""judicial-integrity"",""epistemic-integrity"",""general-public-of-alabama""]","Three Butler Snow attorneys defending a former Alabama corrections commissioner were reportedly disqualified after two motions cited five non-existent cases generated via ChatGPT. Judge Anna Manasco is reported to have publicly reprimanded the lawyers, referred them to the Alabama State Bar, and ordered broad disclosure; she declined to sanction the firm. An external review of 2,400 citations across 330 filings reported no further errors.",Judge Reportedly Disqualifies Butler Snow Lawyers Following Purported Use of ChatGPT-Fabricated Citations in Alabama Prison Litigation
1213,01/08/2025,[6227],"[""lawrence-public-schools-(usd-497)""]","[""gaggle""]","[""lawrence-public-schools-(usd-497)-students""]","In Lawrence, Kansas, students allege the Gaggle Safety Management AI wrongly flagged benign schoolwork, including art photos and casual messages, as child pornography or threats. The system reportedly deleted content, blocked an email records request, and led to questioning of students. Critics cite chilling effects and privacy risks. A lawsuit filed in August 2025 challenges the district's use of Gaggle as unconstitutional surveillance. Gaggle reportedly denies compromising privacy.","Gaggle AI Monitoring at Lawrence, Kansas High School Reportedly Misflags Student Content and Blocks Emails"
1215,12/09/2025,[6235],"[""volusia-county-sheriff's-office"",""volusia-county-schools"",""gaggle""]","[""gaggle""]","[""unnamed-15-year-old-student-at-deltona-high-school""]","A 15-year-old student in Volusia County, Florida, was reportedly detained after the Gaggle student monitoring system flagged a written shooting threat on a school-issued laptop. The student reportedly claims the threat was not serious. The alert reportedly led to the student's arrest on felony charges. The system appeared to operate as designed but reportedly resulted in criminal enforcement against a minor.","Gaggle Alert Reportedly Leads to Arrest of 15-Year-Old in Volusia County, Florida, for School Threat the Student Claimed Was Not Serious"
1218,04/07/2025,[6238],"[""microsoft""]","[""microsoft""]","[""microsoft-365-copilot-enterprise-customers"",""organizations-relying-on-audit-logs-for-compliance-and-security""]","A vulnerability in Microsoft 365 Copilot reportedly allowed users to access and summarize files without generating audit log entries, allegedly undermining traceability and compliance. Security researcher Zack Korman disclosed the issue to Microsoft, which reportedly classified it as ""important"" and fixed it on August 17, 2025, but reportedly chose not to notify customers or assign a CVE.",Microsoft 365 Copilot Vulnerability Allegedly Allowed File Access Without Audit Log Entry
1228,12/03/2025,"[6255,6265]","[""openai""]","[""openai""]","[""general-public"",""general-public-of-australia"",""general-public-of-new-south-wales"",""resilient-homes-program"",""resilient-homes-program-applicants"",""government-of-new-south-wales""]","A former contractor of the New South Wales Reconstruction Authority reportedly uploaded a spreadsheet containing personal and health information of Resilient Homes Program applicants to ChatGPT during a three-day period in March 2025. Up to 3,000 people may have reportedly been affected.",Alleged ChatGPT Misuse by Contractor Leads to Reported Data Exposure in New South Wales Resilient Homes Program
1250,20/10/2025,"[6321,6328,6329]","[""baltimore-county-public-schools""]","[""omnilert""]","[""taki-allen"",""kenwood-high-school-students""]","A purportedly AI-powered gun detection system at Kenwood High School in Baltimore County, Maryland, reportedly misidentified a student's empty Doritos bag as a firearm. Armed police reportedly detained and handcuffed the student before determining there was no weapon. The AI system, operated by Omnilert, issued the false alert, leading to public outcry and an official review of school security protocols. Omnilert reportedly expressed regret for the incident.",Alleged False Positive by Omnilert AI Gun Detection System Prompts Police Search at Baltimore County High School
1252,30/06/2025,"[6325,6326]","[""united-states-district-court-for-the-district-of-new-jersey"",""united-states-district-court-for-the-southern-district-of-mississippi"",""julien-neals"",""henry-wingate"",""unnamed-law-clerk-(s.d.-miss.)"",""unnamed-law-school-intern-(d.n.j.)""]","[""openai"",""perplexity-ai""]","[""plaintiffs-and-defendants-in-cormedix-securities-litigation"",""plaintiffs-and-defendants-in-jackson-federation-of-teachers-et-al.-v.-mississippi-state-board-of-education"",""julien-neals"",""henry-wingate"",""united-states-district-court-for-the-district-of-new-jersey"",""united-states-district-court-for-the-southern-district-of-mississippi"",""epistemic-integrity"",""judicial-integrity""]","Two U.S. federal judges, Julien Neals (D.N.J.) and Henry Wingate (S.D. Miss.), reportedly admitted that staff in their chambers used AI tools, ChatGPT and Perplexity, to draft rulings containing purportedly fabricated quotes, cases, and parties. The erroneous filings were reportedly docketed before review, prompting Senate and judicial inquiries. Both rulings were retracted.",Judges in New Jersey and Mississippi Admit AI Tools Produced Erroneous Federal Court Filings
1257,04/06/2025,"[6343,6344]","[""carlos-rogelio-richeri""]","[""openai""]","[""justice-system-of-argentina"",""judicial-integrity"",""epistemic-integrity"",""juzgado-penal-de-esquel"",""raul-amelio-payalef""]","The Penal Chamber of Esquel, Argentina, reportedly annulled a June 2025 robbery conviction after determining that Judge Carlos Rogelio Richeri had allegedly used ChatGPT to draft part of the ruling without disclosure or human oversight. A copied phrase purportedly exposed AI authorship, prompting findings of due-process violations and data-handling concerns. The case was reassigned, and the Chubut Superior Court opened an ethics investigation.",Argentine Court Reportedly Annuls Criminal Conviction After Judge Allegedly Used ChatGPT to Draft Ruling Without Disclosure
